date,day,min_temp,max_temp,rainfall_mm,evap_mm,sun_hours,max_wind_gust_dir,max_wind_gust_km_h,max_wind_gust_time,temp_9am,RH_9am,cloud_8th_9am,wind_dir_9am,wind_spd_km_h_9am,MSLP_hPa_9am,temp_3pm,RH_3pm,cloud_8th_3pm,wind_dir_3pm,wind_spd_km_h_3pm,MSLP_hPa_3pm,month,station
1,Su,20.2,25.0,0,,,SE,48,11:18,22.9,78,8,SE,20,1023.5,23.3,79,8,SE,24,1020.3,201807,4096
2,Mo,19.8,23.9,2.8,,,ESE,33,12:26,21.1,93,8,E,4,1022.7,22.5,80,8,ESE,24,1019.2,201807,4096
3,Tu,16.2,25.9,0,,,SE,39,08:19,21.8,76,8,SE,20,1021.7,24.8,61,1,ESE,22,1018.6,201807,4096
4,We,13.0,25.6,0,,,SE,44,11:44,20.6,74,,SSE,17,1021.2,22.9,54,,ESE,26,1017.9,201807,4096
5,Th,9.7,25.9,0,,,SE,37,10:00,20.2,79,,E,7,1019.7,23.0,64,1,E,24,1017.0,201807,4096
6,Fr,15.5,26.3,0,,,ESE,28,11:44,22.3,75,,SSE,11,1018.0,24.5,66,8,E,17,1014.6,201807,4096
7,Sa,19.2,25.2,0,,,S,17,10:35,21.0,94,8,SSW,9,1016.9,24.7,78,8,NW,6,1013.7,201807,4096
8,Su,16.4,22.8,3.4,,,ESE,46,08:54,19.4,39,,ESE,33,1020.2,20.9,45,,ESE,24,1017.8,201807,4096
9,Mo,5.0,22.5,0.2,,,ESE,33,12:08,15.6,50,,S,9,1022.5,21.7,36,,E,20,1018.2,201807,4096
10,Tu,5.9,24.1,0,,,SE,39,11:59,15.1,74,8,N,6,1021.6,22.9,49,,ESE,24,1018.0,201807,4096
11,We,9.3,24.7,0,,,ESE,37,11:49,18.4,82,8,SE,11,1020.6,23.1,58,6,ESE,22,1017.6,201807,4096
12,Th,11.4,25.2,0.2,,,E,37,14:06,19.6,77,,S,11,1019.2,24.0,55,,E,20,1015.2,201807,4096
13,Fr,9.2,25.6,0,,,ESE,35,11:07,17.7,80,,S,6,1018.1,23.8,38,,E,24,1014.4,201807,4096
14,Sa,7.3,23.9,0,,,ESE,37,12:34,18.7,69,,SE,2,1018.4,22.2,48,,ESE,20,1015.1,201807,4096
15,Su,5.5,23.5,0,,,E,35,11:30,16.8,69,,S,6,1018.3,22.1,36,,ENE,17,1014.6,201807,4096
16,Mo,5.1,29.5,0,,,NNW,28,14:50,16.5,70,,NNW,6,1017.6,28.3,31,,NW,19,1012.7,201807,4096
17,Tu,10.2,24.6,0,,,ESE,31,14:45,16.2,97,7,SSE,6,1019.1,23.0,64,1,ESE,19,1016.6,201807,4096
18,We,13.7,25.5,0,,,E,39,13:59,20.8,76,,SSE,15,1020.6,23.4,44,,ESE,24,1017.7,201807,4096
19,Th,10.6,26.1,0,,,ESE,35,13:35,20.2,77,,S,7,1020.5,24.0,58,1,E,22,1017.0,201807,4096
20,Fr,11.4,29.5,0,,,NW,35,12:55,19.7,82,3,W,2,1019.0,27.5,39,2,N,20,1014.8,201807,4096
21,Sa,12.0,26.2,0,,,NNW,48,01:34,21.5,65,,ESE,13,1019.3,24.2,55,,E,28,1016.9,201807,4096
22,Su,13.1,24.7,0,,,E,35,15:08,20.1,68,8,SSE,7,1020.9,23.0,64,,ESE,24,1017.0,201807,4096
23,Mo,13.6,25.3,0,,,ESE,33,11:52,20.4,79,2,SSE,7,1020.3,23.7,49,,E,19,1015.9,201807,4096
24,Tu,10.2,25.7,0,,,SE,31,14:04,19.1,78,6,S,6,1020.1,24.4,31,,E,20,1015.5,201807,4096
25,We,8.3,26.6,0,,,SE,37,12:51,18.9,74,,NE,4,1019.9,23.9,58,3,E,11,1015.2,201807,4096
26,Th,10.9,27.7,0,,,SE,30,12:20,18.9,84,1,Calm,Calm,1019.2,26.7,38,,ESE,17,1015.0,201807,4096
27,Fr,13.0,26.7,0,,,E,31,13:53,20.7,75,,S,7,1019.3,24.3,52,,ESE,22,1014.5,201807,4096
28,Sa,11.8,27.5,0,,,ESE,31,14:17,20.5,79,7,SSE,2,1018.0,25.4,56,,ESE,22,1013.1,201807,4096
29,Su,11.3,29.4,0,,,ENE,26,15:25,19.7,83,,S,6,1017.6,28.5,35,,E,15,1013.2,201807,4096
30,Mo,12.9,28.5,0,,,E,33,12:41,23.1,55,,S,7,1018.8,26.3,35,,ESE,19,1016.2,201807,4096
31,Tu,8.3,25.8,0,,,E,35,13:45,18.0,66,6,SSW,2,1021.0,24.9,25,,ESE,20,1017.5,201807,4096
1,We,7.8,25.2,0,,,NE,31,13:14,18.9,69,,S,7,1020.7,23.8,43,,ENE,17,1016.1,201808,4096
2,Th,7.3,25.8,0,,,E,39,15:07,19.5,66,,SSE,7,1019.7,23.5,56,,E,24,1016.8,201808,4096
3,Fr,9.9,26.8,0,,,E,35,12:15,20.6,78,2,SSE,6,1019.9,25.3,57,,E,19,1015.6,201808,4096
4,Sa,12.5,27.4,0,,,E,28,14:04,20.6,83,1,S,6,1019.0,26.2,51,,ESE,17,1015.5,201808,4096
5,Su,11.8,26.9,0,,,ENE,30,13:35,22.1,74,,SSE,11,1018.7,25.7,57,,ESE,19,1015.4,201808,4096
6,Mo,12.8,29.1,0,,,NNE,31,12:26,21.8,78,2,SSW,6,1017.0,28.2,49,1,NNW,20,1011.8,201808,4096
7,Tu,18.7,24.6,0,,,SW,28,09:45,23.0,75,8,NW,6,1015.3,23.6,25,8,SW,13,1013.9,201808,4096
8,We,5.9,24.4,0,,,E,44,13:28,20.0,29,,SSE,13,1020.0,22.9,27,,ESE,24,1016.4,201808,4096
9,Th,5.2,25.3,0,,,ESE,44,14:26,19.9,55,,SSE,9,1021.5,23.6,30,,ESE,26,1017.8,201808,4096
10,Fr,5.8,25.7,0,,,SE,52,11:31,21.0,55,,SSE,11,1021.2,24.5,45,,SE,24,1017.8,201808,4096
11,Sa,13.5,27.5,0,,,ENE,30,14:21,21.1,65,,SE,6,1019.3,26.1,41,,E,20,1014.7,201808,4096
12,Su,9.3,30.1,0,,,ENE,24,14:54,21.5,71,,N,6,1018.3,29.1,32,4,ENE,17,1014.2,201808,4096
13,Mo,15.1,24.0,0,,,E,41,10:02,19.5,27,,ESE,26,1021.7,21.8,38,,ESE,24,1019.2,201808,4096
14,Tu,3.2,25.0,0,,,ESE,50,11:43,17.1,33,8,SW,6,1023.7,22.3,51,,ESE,30,1020.4,201808,4096
15,We,9.7,25.8,0,,,ESE,35,10:39,21.3,61,,SSE,13,1021.7,23.9,47,,ESE,19,1018.4,201808,4096
16,Th,8.5,28.2,0,,,E,35,13:46,21.1,72,,SW,9,1018.8,26.3,38,,E,22,1013.3,201808,4096
17,Fr,10.3,29.9,0,,,E,35,13:18,18.9,81,,N,2,1016.8,28.2,28,,ESE,19,1012.1,201808,4096
18,Sa,8.7,30.9,0,,,E,31,14:26,21.0,75,,SSW,6,1018.5,29.5,22,,E,22,1013.3,201808,4096
19,Su,8.1,29.4,0,,,E,37,11:40,21.7,65,,NNW,7,1018.0,27.3,21,,ESE,24,1014.6,201808,4096
20,Mo,5.9,23.2,0,,,SE,54,08:02,18.8,17,,SE,30,1022.6,21.8,20,,E,19,1018.3,201808,4096
21,Tu,0.9,23.2,0,,,SE,39,09:37,18.8,21,,SSE,22,1021.3,22.1,21,,ESE,13,1017.0,201808,4096
22,We,2.8,26.7,0,,,NE,33,15:36,18.3,54,,WSW,2,1019.8,25.5,33,,NNE,11,1014.2,201808,4096
23,Th,5.6,28.3,0,,,ESE,31,13:49,20.5,57,,S,4,1018.3,26.7,32,,NNE,22,1013.2,201808,4096
24,Fr,8.0,26.7,0,,,SE,35,11:22,21.8,60,,SSE,7,1019.2,25.1,47,,ESE,24,1015.1,201808,4096
25,Sa,13.6,27.1,0,,,SE,39,12:04,23.2,63,1,ESE,17,1017.6,25.5,56,1,ESE,22,1014.5,201808,4096
26,Su,16.3,29.4,0,,,NE,33,15:48,23.3,72,,E,4,1017.4,26.1,55,,N,15,1012.9,201808,4096
27,Mo,9.1,27.1,0,,,E,37,13:15,21.7,45,,ESE,11,1019.1,26.0,23,,ESE,15,1015.4,201808,4096
28,Tu,6.3,26.1,0,,,SE,37,12:49,21.1,56,,SE,9,1019.7,24.8,42,,E,22,1014.9,201808,4096
29,We,7.6,28.0,0,,,E,37,14:06,21.7,60,,S,9,1019.2,25.6,39,,ESE,19,1015.1,201808,4096
30,Th,8.7,28.3,0,,,SE,37,15:08,22.3,61,,S,7,1019.1,26.0,39,,ESE,22,1015.1,201808,4096
31,Fr,12.7,30.1,0,,,NNW,35,16:21,23.6,54,,NNE,4,1018.2,28.4,33,,NNW,20,1013.3,201808,4096
1,Sa,13.0,32.8,0,,,N,31,15:43,26.2,60,2,WNW,17,1016.5,31.1,43,4,N,15,1011.6,201809,4096
2,Su,12.7,35.2,0,,,SW,43,11:59,23.6,74,,N,9,1016.9,33.8,12,,WNW,17,1011.2,201809,4096
3,Mo,9.4,31.9,0,,,SE,41,13:58,23.0,53,,N,7,1017.3,29.0,20,,ESE,22,1013.3,201809,4096
4,Tu,12.2,30.4,0,,,NE,33,14:50,24.2,68,1,NE,7,1017.2,25.8,48,8,NNE,22,1012.9,201809,4096
5,We,17.1,24.3,2.6,,,ESE,33,11:11,20.5,81,8,SSE,15,1018.3,22.9,68,8,ESE,20,1014.7,201809,4096
6,Th,18.2,27.6,0,,,ESE,43,14:04,24.0,69,7,SE,20,1018.1,26.4,53,1,ESE,20,1013.8,201809,4096
7,Fr,16.0,28.4,0.2,,,ENE,35,14:08,23.4,70,8,SE,13,1019.0,26.9,51,,E,20,1015.3,201809,4096
8,Sa,14.6,31.5,0,,,NNW,33,16:00,24.2,70,2,N,11,1018.8,30.5,40,,NNW,17,1014.3,201809,4096
9,Su,14.0,30.0,0,,,ESE,44,11:36,25.6,54,,NNE,6,1017.7,27.3,52,,E,28,1015.0,201809,4096
10,Mo,13.5,27.2,0,,,E,46,13:42,23.8,41,,ESE,24,1022.2,25.6,44,,E,26,1018.5,201809,4096
11,Tu,12.0,27.5,0,,,SE,48,11:11,24.7,58,1,ESE,24,1020.6,25.4,49,2,ESE,28,1017.3,201809,4096
12,We,15.8,27.2,0,,,ESE,46,09:40,23.2,61,7,ESE,28,1019.0,25.9,52,,E,24,1015.7,201809,4096
13,Th,14.9,28.3,0,,,SE,37,10:00,24.9,60,3,SE,17,1019.5,27.0,45,,E,22,1016.3,201809,4096
14,Fr,13.1,27.8,0,,,SE,39,12:28,23.8,58,,SE,22,1019.4,26.4,46,,ESE,22,1016.5,201809,4096
15,Sa,11.8,29.4,0,,,SE,33,11:52,23.7,61,2,E,13,1018.1,28.8,31,,SE,20,1013.5,201809,4096
16,Su,10.2,33.4,0,,,E,35,14:36,24.1,64,,WNW,11,1015.3,31.5,29,,ESE,22,1010.4,201809,4096
17,Mo,12.9,27.8,0,,,SE,41,16:23,24.6,43,,ESE,22,1017.8,26.1,54,,E,22,1014.8,201809,4096
18,Tu,17.7,28.5,3.2,,,E,43,13:37,24.7,70,4,SE,24,1019.9,25.9,59,7,ESE,28,1015.9,201809,4096
19,We,17.0,28.5,0,,,E,35,14:23,24.2,54,1,ESE,17,1018.9,27.9,34,,E,20,1013.6,201809,4096
20,Th,11.6,31.6,0,,,SE,31,12:53,24.4,62,,ENE,7,1016.6,29.3,34,,E,22,1012.6,201809,4096
21,Fr,13.8,26.4,0,,,SE,57,09:46,24.5,27,,SE,37,1021.1,25.0,27,,ESE,31,1018.2,201809,4096
22,Sa,18.7,26.5,0,,,ESE,54,08:27,23.7,53,7,ESE,39,1023.6,25.2,39,,ESE,35,1020.3,201809,4096
23,Su,15.2,28.0,0,,,E,50,11:08,24.7,51,1,ESE,31,1022.1,25.9,44,,SE,31,1019.2,201809,4096
24,Mo,14.1,27.7,0,,,E,50,12:57,23.7,59,1,ESE,22,1019.7,25.3,52,,ESE,33,1017.0,201809,4096
25,Tu,15.7,27.7,0,,,ESE,48,10:50,24.5,59,1,SE,31,1020.5,25.2,54,2,ESE,30,1017.1,201809,4096
26,We,15.5,28.4,0,,,SE,43,12:39,24.6,54,1,ESE,26,1019.9,26.0,49,,ESE,26,1016.5,201809,4096
27,Th,13.3,29.0,0,,,E,35,13:34,25.5,59,3,ESE,7,1019.8,28.0,45,,E,24,1016.0,201809,4096
28,Fr,13.1,28.9,0,,,,,,24.9,64,8,SE,17,1020.9,27.3,48,,E,20,1017.5,201809,4096
29,Sa,15.6,28.8,,,,ESE,41,10:57,24.9,62,7,ESE,13,1021.8,28.0,37,,ESE,20,1017.8,201809,4096
30,Su,15.8,29.4,0,,,SE,41,11:33,24.7,61,5,ESE,20,1021.3,27.3,53,,E,19,1017.7,201809,4096
1,Mo,20.1,28.7,0,,,ESE,54,10:09,25.1,59,8,SE,35,1022.4,27.4,54,1,ESE,31,1019.8,201810,4096
2,Tu,19.4,27.7,0.2,,,E,56,09:27,25.0,52,8,SE,39,1023.7,25.7,54,1,ESE,31,1019.8,201810,4096
3,We,16.5,27.8,0,,,SE,44,09:03,24.5,55,6,ESE,28,1021.1,26.1,48,,E,26,1016.7,201810,4096
4,Th,10.6,30.1,0,,,ESE,35,14:07,24.3,52,,SSW,7,1018.7,27.8,42,,ESE,22,1012.4,201810,4096
5,Fr,14.1,31.5,0,,,NW,37,13:45,26.3,55,3,N,15,1016.1,28.8,45,,N,22,1011.1,201810,4096
6,Sa,14.4,31.2,0,,,NNE,33,16:09,24.4,70,8,E,9,1017.0,29.2,53,6,NNE,19,1012.0,201810,4096
7,Su,15.0,31.1,0,,,E,39,12:22,26.4,59,8,ENE,11,1017.8,29.8,42,2,NNE,19,1013.6,201810,4096
8,Mo,15.3,30.7,0,,,E,39,12:58,26.4,56,8,NE,15,1017.7,28.7,50,8,N,9,1013.1,201810,4096
9,Tu,15.1,32.3,0,,,SE,35,13:44,26.5,56,1,NE,13,1016.9,31.3,39,1,N,19,1012.3,201810,4096
10,We,15.0,33.3,0,,,NNW,33,12:37,26.7,59,8,NE,17,1016.5,32.6,29,,NW,20,1011.7,201810,4096
11,Th,16.3,32.7,0,,,NNW,46,14:43,26.8,58,6,N,17,1015.2,31.0,31,,NNW,28,1011.7,201810,4096
12,Fr,18.6,31.8,0,,,SE,37,12:23,26.2,66,8,ESE,7,1016.5,29.0,48,8,NE,17,1012.6,201810,4096
13,Sa,19.9,26.5,1.4,,,SW,26,00:12,23.1,87,8,NW,6,1016.1,25.5,68,5,NE,15,1011.2,201810,4096
14,Su,15.2,30.7,0.4,,,SE,41,13:53,24.9,65,1,SE,13,1016.6,27.4,59,1,ESE,28,1012.6,201810,4096
15,Mo,18.1,31.7,0,,,ENE,37,12:29,25.1,68,8,ESE,11,1017.4,31.3,49,,E,17,1012.0,201810,4096
16,Tu,16.9,33.5,0,,,N,31,14:18,26.3,70,6,NW,4,1016.4,32.8,41,4,NE,22,1010.6,201810,4096
17,We,21.6,33.0,0.8,,,ESE,37,12:26,26.7,73,5,S,6,1015.1,26.0,69,8,NNE,6,1011.4,201810,4096
18,Th,21.6,30.5,11.0,,,SE,39,12:39,26.7,67,2,ESE,17,1015.8,29.7,54,,ESE,20,1013.0,201810,4096
19,Fr,20.3,31.0,0,,,SE,41,15:18,26.8,65,8,SE,19,1017.7,29.4,52,,ESE,26,1013.5,201810,4096
20,Sa,21.0,31.9,0,,,SE,39,16:30,27.0,62,8,SE,13,1017.6,30.0,39,,E,20,1012.8,201810,4096
21,Su,17.5,33.4,0,,,E,33,12:32,26.4,60,2,N,13,1016.0,32.7,45,1,NNE,19,1010.7,201810,4096
22,Mo,17.5,32.6,0,,,E,56,13:24,28.0,58,5,NNE,11,1014.8,31.6,47,5,NNE,15,1010.2,201810,4096
23,Tu,18.6,32.3,0,,,SE,37,11:11,28.9,56,3,SE,11,1014.9,30.6,49,7,ESE,28,1011.2,201810,4096
24,We,18.1,33.5,0,,,E,35,15:14,26.2,65,4,E,17,1017.0,32.2,24,,ESE,22,1012.6,201810,4096
25,Th,18.9,31.1,0,,,SE,46,10:42,27.2,57,,ESE,22,1018.0,28.9,55,,E,24,1015.0,201810,4096
26,Fr,17.8,34.7,0,,,ESE,30,14:39,27.7,59,5,ESE,13,1017.7,33.4,38,,ESE,20,1012.4,201810,4096
27,Sa,19.4,37.6,0,,,NNW,43,15:08,29.8,55,,NNW,20,1012.8,32.7,44,,NNW,30,1008.4,201810,4096
28,Su,18.9,36.8,0,,,N,44,14:49,29.3,57,,N,19,1011.6,32.5,41,,NNW,30,1007.8,201810,4096
29,Mo,22.5,35.3,0,,,NW,43,13:03,29.3,60,4,NNW,13,1012.5,32.6,45,,NW,28,1009.5,201810,4096
30,Tu,22.2,33.3,0,,,ESE,39,12:07,28.8,58,5,E,7,1016.5,30.7,52,5,E,24,1013.2,201810,4096
31,We,20.2,35.6,0,,,NE,35,15:13,28.3,61,8,NE,7,1018.4,32.1,38,2,NNE,22,1013.4,201810,4096
1,Th,21.7,32.4,0,,,SE,52,14:15,28.9,64,8,ESE,24,1018.8,28.4,60,8,E,28,1016.5,201811,4096
2,Fr,22.2,31.4,0,,,ESE,46,11:23,27.6,57,8,ESE,28,1021.3,28.8,53,4,ESE,30,1018.2,201811,4096
3,Sa,19.6,30.9,0,,,SE,46,13:03,26.6,64,8,ESE,20,1019.5,29.0,47,,ESE,24,1015.4,201811,4096
4,Su,18.0,33.8,0,,,ESE,39,12:31,27.6,61,5,SSE,13,1016.5,31.7,40,,E,13,1011.5,201811,4096
5,Mo,16.7,34.4,0,,,SE,33,12:55,28.6,54,3,N,13,1014.9,32.9,37,,NNW,17,1010.2,201811,4096
6,Tu,17.1,34.0,0,,,E,61,14:08,28.5,55,6,NNE,9,1014.9,32.1,41,1,NE,19,1010.5,201811,4096
7,We,17.0,34.2,0,,,N,39,15:25,29.2,53,8,NNW,11,1013.1,31.4,45,5,NNE,24,,201811,4096
8,Th,19.2,34.4,0,,,,,,30.8,50,6,S,11,,31.1,46,,ESE,26,,201811,4096
9,Fr,20.9,30.2,,,,ESE,52,11:23,26.1,61,8,ESE,31,,28.1,60,8,ESE,31,1012.4,201811,4096
10,Sa,21.9,31.3,0,,,SE,50,14:09,26.4,66,8,ESE,26,1014.0,24.7,87,8,E,20,1011.5,201811,4096
11,Su,21.6,30.4,6.8,,,E,48,12:24,27.4,57,5,ESE,28,1015.5,28.8,45,,ESE,30,1012.4,201811,4096
12,Mo,19.8,30.6,0,,,SE,52,09:39,28.1,56,8,ESE,28,1017.0,28.4,48,1,ESE,30,1013.6,201811,4096
13,Tu,19.3,31.1,0,,,ESE,50,16:06,27.4,55,8,SE,24,1016.1,28.4,51,,ESE,31,1012.2,201811,4096
14,We,20.5,31.9,0,,,SE,43,11:44,28.6,53,6,ESE,22,1015.8,29.6,46,,E,26,1012.7,201811,4096
15,Th,19.7,31.8,0,,,SE,41,12:28,29.1,53,3,ESE,17,1016.8,29.9,53,,ESE,26,1013.5,201811,4096
16,Fr,19.2,,0,,,,,,28.7,54,3,SE,19,,30.6,41,,E,24,1012.2,201811,4096
17,Sa,18.7,32.3,,,,ESE,35,11:38,29.1,54,5,ESE,9,1014.7,30.8,43,,ESE,22,1011.3,201811,4096
18,Su,17.8,32.6,0,,,E,41,13:56,27.6,59,8,E,19,1014.4,31.9,33,,ESE,20,1011.3,201811,4096
19,Mo,20.7,32.2,0.2,,,ESE,43,14:05,28.4,61,8,SE,24,1014.9,30.6,48,5,ESE,26,1012.1,201811,4096
20,Tu,20.3,32.3,0,,,ESE,41,11:23,28.2,58,8,ESE,19,1015.2,30.2,51,8,ESE,17,1011.2,201811,4096
21,We,20.7,34.5,0,,,NNW,43,14:56,29.6,52,8,NNE,22,1013.0,32.6,27,,NNW,28,1008.4,201811,4096
22,Th,20.2,35.2,0,,,,,,29.8,57,8,NNW,20,1011.8,32.1,48,4,NNW,35,1007.1,201811,4096
23,Fr,24.1,36.9,,,,N,43,12:37,29.1,66,8,NNW,17,1012.0,35.2,42,1,N,24,1007.1,201811,4096
24,Sa,23.9,40.4,0,,,SSW,48,14:07,33.4,18,,SW,11,1012.0,36.1,32,1,NNW,31,1006.2,201811,4096
25,Su,24.0,36.9,0,,,NNW,54,15:17,31.9,57,,NW,24,1009.3,34.9,49,,NNW,35,1003.0,201811,4096
26,Mo,25.9,44.9,0,,,WSW,52,15:25,35.0,37,,NNW,7,1006.1,43.0,7,,SW,28,1001.1,201811,4096
27,Tu,17.5,43.0,0,,,NNW,46,14:22,35.1,32,8,NNW,17,1006.5,39.7,10,5,NNW,33,1002.2,201811,4096
28,We,24.8,44.3,0,,,NW,70,18:07,37.6,36,5,WNW,19,1006.0,36.3,39,5,NNW,35,1001.1,201811,4096
29,Th,21.7,39.1,0,,,SE,43,12:14,33.8,24,8,ENE,11,1008.5,36.1,21,8,ESE,26,1004.5,201811,4096
30,Fr,18.2,37.5,0,,,SE,37,13:30,30.0,52,8,ESE,9,1010.3,36.2,23,5,ESE,22,1006.3,201811,4096
1,Sa,21.9,37.1,0,,,SE,43,14:10,30.8,59,,NNE,13,1011.9,35.3,35,,NNE,20,1007.4,201812,4096
2,Su,22.6,37.4,0,,,NNW,44,14:08,31.5,52,2,NNE,17,1012.4,34.3,39,,NNW,24,1007.1,201812,4096
3,Mo,22.7,38.4,0,,,N,46,14:10,32.1,53,,NNW,22,1009.6,37.2,31,,NNW,30,1005.3,201812,4096
4,Tu,22.7,36.7,3.2,,,NNE,41,13:55,31.1,60,5,NNW,13,1009.1,35.0,37,,N,22,1005.9,201812,4096
5,We,22.3,,71.8,,,,,,28.3,70,2,ESE,13,1010.5,,,,,,,201812,4096
6,Th,,,,,,,,,,,,,,,26.9,70,8,SSE,24,1009.9,201812,4096
7,Fr,21.3,27.0,,,,SSE,56,17:51,22.2,85,8,ESE,24,1013.0,22.7,93,8,ESE,31,1010.7,201812,4096
8,Sa,21.2,26.6,59.6,,,SE,56,12:22,24.5,82,8,SSE,26,1011.5,24.7,85,8,SE,31,1009.3,201812,4096
9,Su,21.9,25.4,40.6,,,SE,52,11:06,23.1,95,8,SSE,20,1010.5,24.2,92,8,SE,31,1008.3,201812,4096
10,Mo,22.4,27.8,34.0,,,SE,48,09:12,25.3,86,8,SE,26,1011.1,24.1,95,8,SE,20,1009.6,201812,4096
11,Tu,23.4,29.7,23.8,,,E,41,00:06,27.4,78,8,ESE,28,1012.5,28.5,71,7,ESE,24,1009.4,201812,4096
12,We,24.1,30.0,4.6,,,,,,25.2,92,6,ESE,20,1010.9,27.5,78,8,E,24,1008.2,201812,4096
13,Th,24.5,30.4,,,,W,46,13:56,28.3,76,8,NNW,6,1008.8,22.7,97,8,ESE,7,1006.3,201812,4096
14,Fr,22.2,33.1,59.0,,,NNW,35,14:58,28.1,72,,NNW,15,1005.6,31.7,58,7,NNW,24,1002.2,201812,4096
15,Sa,24.9,29.9,2.4,,,N,19,00:14,25.6,92,8,N,2,1008.1,29.6,66,8,SE,4,1004.5,201812,4096
16,Su,24.3,29.0,26.4,,,SSW,44,18:05,25.0,95,8,ENE,15,1006.5,25.9,94,8,SE,20,1001.7,201812,4096
17,Mo,22.9,32.4,70.8,,,SE,39,00:03,28.4,68,8,WSW,19,1003.7,32.0,57,5,S,24,1001.3,201812,4096
18,Tu,22.8,31.2,0,,,ESE,39,15:31,28.7,68,,ESE,15,1008.0,30.2,64,,E,24,1005.3,201812,4096
19,We,23.4,32.1,0,,,ESE,50,18:45,30.0,68,6,SE,13,1010.7,31.4,63,,ESE,26,1006.7,201812,4096
20,Th,24.0,32.0,0,,,E,44,12:47,28.5,73,8,SSE,20,1010.5,30.2,71,8,ESE,28,1007.2,201812,4096
21,Fr,24.9,32.3,0,,,SE,43,12:18,29.1,75,8,SE,15,1008.6,31.6,69,1,ESE,22,1006.4,201812,4096
22,Sa,25.9,32.0,1.4,,,ESE,35,09:28,28.5,84,8,ESE,22,1007.8,31.4,66,,ESE,11,1005.3,201812,4096
23,Su,24.3,31.9,4.8,,,SE,54,22:58,28.4,75,8,ESE,22,1009.3,24.5,91,8,SE,37,1008.7,201812,4096
24,Mo,23.1,29.4,17.8,,,SE,65,10:10,27.0,63,8,SE,50,1013.5,27.3,57,8,ESE,39,1011.5,201812,4096
25,Tu,22.1,29.9,0,,,SE,57,11:19,26.4,70,7,SE,28,1013.6,27.6,65,8,ESE,37,1011.7,201812,4096
26,We,22.5,29.8,0,,,SE,54,11:29,26.2,73,8,SE,30,1012.5,27.9,67,8,SE,35,1010.6,201812,4096
27,Th,23.3,30.0,0.4,,,ESE,50,13:57,27.4,67,8,SE,31,1011.8,29.1,63,1,ESE,30,1008.5,201812,4096
28,Fr,22.6,30.1,0,,,SE,54,16:59,27.1,78,4,SE,24,1011.5,29.2,64,7,ESE,33,1008.8,201812,4096
29,Sa,23.1,29.8,36.4,,,ESE,57,11:46,26.6,81,8,SE,26,1012.5,24.8,93,8,ESE,24,1010.3,201812,4096
30,Su,23.6,29.8,27.8,,,ESE,50,11:15,27.5,75,8,ESE,33,1013.7,27.9,73,3,ESE,28,1010.7,201812,4096
31,Mo,22.4,29.8,0.2,,,ESE,50,07:29,28.4,64,8,ESE,30,1012.7,28.7,54,,E,24,1009.6,201812,4096
1,Tu,22.4,29.8,0,,,ESE,46,11:10,28.4,63,,ESE,26,1011.4,28.8,51,,ESE,28,1008.4,201901,4096
2,We,21.8,30.0,0,,,ESE,43,14:04,27.6,60,2,ESE,24,1010.1,28.5,59,1,ESE,31,1007.1,201901,4096
3,Th,20.9,31.1,0,,,ESE,43,09:45,28.1,63,5,SSE,22,1009.5,29.7,52,,ESE,26,1007.0,201901,4096
4,Fr,23.0,30.1,14.4,,,SE,46,10:09,23.8,93,8,SSE,13,1011.4,29.1,63,,E,28,1009.2,201901,4096
5,Sa,22.4,30.5,0.4,,,ESE,46,16:11,28.9,68,6,ESE,26,1011.8,29.3,56,1,ESE,30,1008.8,201901,4096
6,Su,21.0,31.0,0,,,E,43,16:57,27.9,62,1,ESE,22,1010.5,29.7,58,,E,24,1007.6,201901,4096
7,Mo,23.7,30.1,0,,,ESE,54,17:29,28.4,69,8,SSE,20,1010.0,29.1,65,,ESE,33,1006.9,201901,4096
8,Tu,22.9,28.6,0.2,,,SSE,41,15:41,26.5,72,8,SSE,19,1007.8,27.9,70,8,SSE,19,1004.7,201901,4096
9,We,22.3,27.9,80.0,,,SSE,44,06:04,24.6,96,8,SSE,19,1005.1,26.4,86,8,E,17,1004.2,201901,4096
10,Th,24.5,29.3,3.0,,,E,33,20:24,27.1,87,1,E,17,1010.2,28.4,80,8,ESE,19,1008.7,201901,4096
11,Fr,23.1,28.2,22.2,,,SE,37,02:15,24.4,95,8,E,19,1014.2,27.0,72,8,ESE,26,1012.1,201901,4096
12,Sa,22.0,29.5,2.4,,,ESE,50,11:46,27.3,73,8,SE,22,1014.4,28.5,67,,E,30,1012.0,201901,4096
13,Su,21.3,30.3,0.4,,,ESE,50,12:21,26.9,74,8,SSE,20,1012.3,28.2,69,8,E,28,1009.7,201901,4096
14,Mo,23.1,29.4,11.4,,,ESE,52,14:12,24.3,89,8,E,15,1012.3,28.3,71,8,ESE,31,1010.3,201901,4096
15,Tu,23.1,30.0,10.0,,,SE,48,10:25,27.3,70,8,ESE,28,1013.5,28.2,61,,E,30,1010.7,201901,4096
16,We,21.2,30.2,0,,,E,35,17:21,28.1,67,7,E,24,1012.7,28.5,63,,E,20,1009.4,201901,4096
17,Th,21.1,30.3,0,,,E,35,15:25,26.9,71,8,ESE,19,1012.2,29.0,66,,ESE,24,1009.8,201901,4096
18,Fr,22.6,30.6,0,,,SE,35,14:48,28.3,73,8,E,19,1012.7,29.5,66,2,E,22,1011.6,201901,4096
19,Sa,21.7,30.1,0,,,,,,28.1,69,4,ESE,22,1014.7,28.7,60,1,E,26,1011.9,201901,4096
20,Su,,,,,,,,,,,,,,,,,,,,,201901,4096
21,Mo,,,,,,,,,,,,,,,,,,,,,201901,4096
22,Tu,,,,,,,,,,,,,,,,,,,,,201901,4096
23,We,,,,,,,,,,,,,,,,,,,,,201901,4096
24,Th,,,,,,,,,,,,,,,29.0,65,,E,19,1009.6,201901,4096
25,Fr,22.5,31.2,,,,ESE,39,12:26,27.2,73,7,ENE,15,1012.6,29.4,61,1,E,20,1010.3,201901,4096
26,Sa,23.4,30.2,0.4,,,E,37,15:11,28.1,70,2,E,19,1012.2,29.3,65,8,ESE,24,1008.7,201901,4096
27,Su,24.0,28.1,2.6,,,E,43,13:11,27.4,78,8,E,22,1009.3,25.0,95,8,E,13,1008.3,201901,4096
28,Mo,22.4,25.9,116.4,,,ESE,50,23:15,24.2,97,8,E,11,1009.7,25.1,96,8,E,22,1008.1,201901,4096
29,Tu,23.6,25.5,123.4,,,E,37,08:49,24.5,96,8,E,20,1009.7,25.1,96,8,E,11,1007.6,201901,4096
30,We,23.7,,115.8,,,,,,25.2,94,8,ENE,11,1010.8,25.9,94,8,ESE,7,1008.4,201901,4096
1,Fr,,,,,,,,,,,,,,,25.8,89,8,E,17,1007.4,201902,4096
2,Sa,,28.4,,,,ESE,43,06:48,25.0,89,8,E,13,1009.1,26.8,76,8,E,24,1006.8,201902,4096
3,Su,23.5,25.9,8.4,,,E,43,15:20,25.4,89,8,E,15,1007.8,25.5,89,8,E,13,1006.5,201902,4096
4,Mo,23.1,25.7,45.2,,,E,46,22:23,25.4,95,8,E,20,1006.0,24.5,96,8,E,15,1004.2,201902,4096
5,Tu,23.4,26.6,96.2,,,E,44,10:29,24.3,98,8,ESE,17,1004.3,25.7,92,8,E,20,1001.6,201902,4096
6,We,23.8,26.0,46.0,,,SE,67,21:57,25.3,96,4,ESE,19,1003.8,25.3,96,8,ESE,35,1000.0,201902,4096
7,Th,21.4,26.2,82.2,,,SE,63,14:55,24.2,97,8,SE,30,1003.2,24.5,96,8,SE,43,1000.7,201902,4096
8,Fr,23.1,28.3,51.0,,,ESE,67,03:57,26.1,86,8,SE,31,1002.6,24.8,95,8,ESE,30,1001.0,201902,4096
9,Sa,22.3,30.5,22.4,,,ESE,43,00:03,27.1,79,7,SE,26,1002.1,29.8,69,,ESE,24,1000.3,201902,4096
10,Su,22.1,32.5,0,,,ENE,24,14:37,27.2,78,,WNW,2,1004.0,31.7,60,,E,15,1002.4,201902,4096
11,Mo,23.2,32.2,1.0,,,E,28,13:22,28.1,82,5,ESE,9,1008.4,31.7,69,,E,17,1004.3,201902,4096
12,Tu,24.2,36.8,0.2,,,NNW,33,17:22,29.6,69,,NNW,11,1007.1,36.7,32,,WSW,9,1002.7,201902,4096
13,We,21.6,38.4,0,,,W,33,11:20,30.0,65,,NNW,13,1006.8,33.6,49,,ESE,20,1003.5,201902,4096
14,Th,21.2,31.6,0,,,E,33,12:01,28.2,79,5,SE,22,1008.3,31.4,67,,ESE,20,1007.0,201902,4096
15,Fr,24.2,30.7,0,,,ESE,43,12:32,29.0,72,4,ESE,24,1014.0,30.1,61,,ESE,28,1012.1,201902,4096
16,Sa,23.8,30.8,2.0,,,E,44,14:33,27.9,74,8,SSE,17,1014.5,29.2,68,,ESE,30,1010.7,201902,4096
17,Su,22.8,30.4,0.2,,,E,35,12:36,27.9,66,8,SSE,17,1013.0,29.6,57,,E,22,1008.3,201902,4096
18,Mo,21.2,31.5,0,,,ESE,28,15:29,27.5,69,,SSW,9,1011.4,31.1,56,,E,13,1007.1,201902,4096
19,Tu,23.6,34.4,0,,,ESE,30,14:32,28.4,73,,NNW,15,1009.0,32.5,64,1,ESE,20,1004.3,201902,4096
20,We,24.2,36.4,0,,,SE,33,15:25,30.2,69,,NNE,7,1006.7,33.2,65,,ESE,22,1002.6,201902,4096
21,Th,24.3,33.4,0,,,ESE,30,12:06,28.5,79,8,ENE,4,1006.6,33.0,55,,ESE,13,1003.3,201902,4096
22,Fr,24.3,32.5,0,,,SE,31,11:15,28.4,75,4,ESE,19,1008.4,31.5,60,1,SE,20,1006.9,201902,4096
23,Sa,23.5,31.2,6.6,,,E,33,08:16,26.9,80,7,E,15,1012.5,29.3,65,8,ESE,22,1010.6,201902,4096
24,Su,22.5,28.6,2.6,,,SSW,52,00:31,22.9,93,4,SSE,7,1016.9,27.4,70,8,ESE,20,1014.5,201902,4096
25,Mo,22.4,29.4,4.4,,,ESE,52,13:24,26.9,70,8,SSE,20,1018.5,28.5,58,,ESE,31,1015.0,201902,4096
26,Tu,21.3,28.5,6.4,,,ESE,46,17:05,23.2,85,8,SE,19,1017.2,26.5,67,8,ESE,22,1014.1,201902,4096
27,We,21.3,28.6,7.4,,,SE,48,15:38,26.0,75,2,SSE,22,1015.9,27.0,67,8,ESE,28,1012.9,201902,4096
28,Th,20.8,29.3,3.4,,,ESE,54,16:01,24.1,81,8,SSE,19,1016.6,27.9,57,8,SE,31,1013.5,201902,4096
1,Fr,21.1,29.9,4.4,,,ESE,48,12:23,24.3,82,8,ESE,20,1016.3,26.4,72,8,SE,31,1013.8,201903,4096
2,Sa,21.4,29.2,9.0,,,ESE,48,12:05,26.4,71,6,SE,22,1015.8,26.6,70,8,ESE,24,1013.0,201903,4096
3,Su,20.8,29.4,3.8,,,ESE,48,15:38,25.9,78,2,SSE,24,1015.4,27.2,66,8,ESE,30,1012.4,201903,4096
4,Mo,21.5,28.1,0.6,,,ESE,48,10:42,25.0,79,8,SSE,20,1014.8,26.1,73,8,ESE,26,1012.1,201903,4096
5,Tu,22.7,30.4,1.2,,,SE,44,14:15,26.8,73,8,SE,31,1012.7,28.5,73,8,ESE,24,1009.7,201903,4096
6,We,23.5,28.3,48.0,,,S,43,05:55,23.6,93,8,SSE,20,1012.0,27.0,80,8,ESE,24,1008.7,201903,4096
7,Th,22.9,31.0,6.4,,,ESE,41,15:02,26.2,87,7,N,2,1012.1,30.0,71,,E,24,1010.3,201903,4096
8,Fr,23.1,28.6,37.8,,,ESE,43,20:04,25.9,89,8,ESE,11,1014.7,27.6,80,8,ESE,22,1012.9,201903,4096
9,Sa,23.4,28.7,88.8,,,ESE,39,18:21,26.0,91,8,ESE,20,1016.4,26.7,82,5,ESE,24,1014.3,201903,4096
10,Su,22.6,29.9,3.4,,,S,48,22:19,26.5,82,8,SSE,20,1016.7,29.4,66,,E,20,1012.8,201903,4096
11,Mo,21.4,31.3,0.2,,,E,24,11:59,27.5,75,,SSE,9,1013.8,30.8,57,,E,15,1010.8,201903,4096
12,Tu,21.2,33.0,0,,,N,30,17:29,26.8,80,,N,7,1011.7,31.4,68,1,N,17,1009.1,201903,4096
13,We,23.1,32.2,0,,,E,22,12:31,27.9,78,,NNW,7,1011.6,31.5,67,6,E,7,1009.9,201903,4096
14,Th,22.2,32.1,0,,,E,26,16:07,27.7,76,1,N,6,1013.8,30.9,67,2,E,17,1009.8,201903,4096
15,Fr,22.6,32.8,0,,,ESE,31,14:03,28.1,77,8,NE,4,1012.3,32.4,57,1,NE,15,1008.9,201903,4096
16,Sa,22.8,30.8,0.4,,,W,33,12:57,27.8,79,8,ENE,9,1012.0,28.3,81,8,SSE,15,1009.6,201903,4096
17,Su,22.1,30.4,9.0,,,SE,26,14:04,27.7,78,,SSE,7,1013.2,29.7,70,,ESE,19,1010.3,201903,4096
18,Mo,22.4,30.6,0,,,S,50,07:52,26.8,86,1,SSE,13,1013.3,29.3,66,,ESE,20,1010.1,201903,4096
19,Tu,23.4,31.6,0.2,,,E,33,10:49,27.4,81,8,SE,9,1012.7,30.6,69,1,ESE,20,1009.3,201903,4096
20,We,22.6,31.2,0,,,SE,30,13:09,28.0,77,6,ESE,9,1012.6,29.8,72,1,E,19,1009.8,201903,4096
21,Th,23.1,30.5,0,,,ESE,37,12:03,27.4,88,,SSE,11,1012.3,28.7,74,1,ESE,19,1010.5,201903,4096
22,Fr,23.0,29.6,0,,,ESE,35,14:32,26.2,88,7,SE,4,1013.3,28.2,74,5,ESE,20,1011.9,201903,4096
23,Sa,24.0,28.5,2.0,,,E,35,12:19,27.3,83,2,SE,11,1014.2,27.9,78,6,ESE,19,1012.4,201903,4096
24,Su,23.7,30.4,17.8,,,ESE,31,13:09,28.0,81,5,SE,19,1014.6,29.5,67,1,E,20,1012.1,201903,4096
25,Mo,22.6,31.0,0.8,,,ESE,30,14:36,28.0,78,3,SE,11,1014.6,29.5,70,8,E,20,1011.6,201903,4096
26,Tu,21.8,31.2,0,,,ESE,30,15:47,28.1,75,3,ESE,9,1014.6,30.4,63,,SE,20,1010.8,201903,4096
27,We,24.0,31.8,0.2,,,E,39,10:22,28.5,76,4,ESE,7,1013.5,30.8,61,3,NE,19,1009.6,201903,4096
28,Th,23.1,28.5,8.6,,,ESE,31,13:47,23.6,96,7,SW,6,1012.0,26.5,83,8,SE,20,1008.2,201903,4096
29,Fr,23.3,29.1,5.6,,,ESE,24,13:42,26.9,86,8,S,7,1011.1,25.2,89,6,SW,11,1008.6,201903,4096
30,Sa,22.9,30.9,11.8,,,NW,30,15:13,28.1,76,,ENE,6,1011.1,28.3,79,8,NNW,15,1007.8,201903,4096
31,Su,22.9,30.1,2.0,,,ESE,48,11:47,28.3,80,2,SE,13,1013.0,28.1,77,8,ESE,28,1011.6,201903,4096
1,Mo,23.0,27.7,0,,,SE,37,10:44,25.6,64,8,SSE,22,1015.8,24.1,87,8,SE,22,1013.7,201904,4096
2,Tu,22.1,28.6,4.2,,,ESE,48,11:05,24.1,75,8,SSE,24,1016.8,27.3,68,6,ESE,28,1013.6,201904,4096
3,We,23.2,29.2,0.2,,,SE,57,15:52,26.0,72,8,SE,24,1017.6,28.6,68,1,ESE,33,1014.8,201904,4096
4,Th,22.3,29.1,2.4,,,SE,54,14:10,24.3,81,8,SSE,28,1019.3,27.4,66,7,SE,35,1016.8,201904,4096
5,Fr,21.4,28.7,12.0,,,SE,54,23:18,24.2,82,8,SSE,19,1019.7,28.0,64,3,ESE,31,1016.6,201904,4096
6,Sa,20.2,28.2,6.6,,,SE,48,11:07,25.4,75,3,SSE,24,1019.7,26.4,71,8,ESE,31,1016.0,201904,4096
7,Su,20.0,28.1,1.2,,,ESE,46,14:41,24.5,80,8,SSE,17,1019.2,26.2,71,8,ESE,19,1016.1,201904,4096
8,Mo,18.4,28.8,2.0,,,SE,41,12:45,24.7,69,8,SSE,19,1018.4,27.4,58,2,ESE,26,1015.8,201904,4096
9,Tu,20.6,28.4,8.4,,,SE,39,10:19,25.6,74,1,SSE,17,1017.8,27.3,65,,E,22,1015.0,201904,4096
10,We,17.6,28.6,0,,,SE,26,11:52,25.0,71,,SSE,13,1017.4,28.3,53,,ESE,15,1014.1,201904,4096
11,Th,19.4,29.5,0,,,SE,52,13:16,25.3,78,8,SSE,15,1016.8,26.7,67,4,E,22,1014.6,201904,4096
12,Fr,20.2,28.6,0,,,ESE,50,11:41,25.8,68,5,SE,24,1016.9,27.1,57,,ESE,30,1014.2,201904,4096
13,Sa,20.9,28.6,0,,,SE,57,10:17,25.6,68,,SSE,28,1017.5,26.6,62,,ESE,37,1014.8,201904,4096
14,Su,19.2,28.2,0,,,ESE,50,09:46,25.0,67,,SE,31,1016.9,26.8,60,,ESE,31,1014.6,201904,4096
15,Mo,18.6,28.5,0.6,,,ESE,46,13:21,24.6,72,4,SSE,22,1017.5,26.0,62,7,ESE,28,1014.2,201904,4096
16,Tu,18.4,28.5,0,,,ESE,43,14:24,23.6,79,7,SSW,11,1018.4,26.7,61,,ESE,26,1014.7,201904,4096
17,We,19.0,28.2,0,,,SE,43,12:05,26.2,71,1,ESE,20,1018.2,26.9,63,,E,22,1015.2,201904,4096
18,Th,18.6,28.7,0,,,ESE,50,14:35,25.0,71,1,SSE,24,1018.2,26.8,65,2,E,28,1015.8,201904,4096
19,Fr,20.9,29.0,0,,,ESE,52,10:48,25.8,68,3,SE,26,1018.5,27.1,63,,ESE,35,1015.5,201904,4096
20,Sa,18.3,29.1,0,,,ESE,46,10:43,25.4,71,1,SSE,22,1016.1,27.9,63,1,E,28,1013.0,201904,4096
21,Su,21.6,28.8,0,,,ESE,43,11:09,26.0,77,8,SE,26,1014.9,27.7,71,,E,24,1013.0,201904,4096
22,Mo,21.6,26.4,9.6,,,ESE,37,14:53,23.0,95,8,SSE,13,1016.0,24.5,87,8,SE,24,1013.3,201904,4096
23,Tu,20.6,24.8,17.4,,,SSE,35,10:38,23.5,87,8,SSE,20,1016.9,22.9,95,8,SSE,20,1014.2,201904,4096
24,We,22.4,25.1,17.0,,,SE,37,12:19,23.3,96,8,SSE,15,1015.3,24.4,96,8,ESE,24,1012.0,201904,4096
25,Th,21.2,28.7,56.6,,,N,30,14:18,24.6,86,8,SE,9,1014.4,22.7,95,8,NE,15,1012.0,201904,4096
26,Fr,21.2,28.4,17.8,,,ESE,30,13:53,25.1,84,6,E,13,1014.3,27.4,75,1,ESE,20,1011.7,201904,4096
27,Sa,20.9,27.9,0,,,ESE,43,14:57,24.3,81,8,SSE,17,1016.4,24.1,88,8,ESE,30,1014.7,201904,4096
28,Su,21.4,27.3,9.8,,,ESE,46,14:30,24.5,80,8,SSE,20,1018.5,27.0,69,4,ESE,28,1016.9,201904,4096
29,Mo,19.9,27.7,0.8,,,ESE,46,11:32,25.1,67,,SE,28,1018.8,25.5,69,8,ESE,30,1016.1,201904,4096
30,Tu,19.2,26.9,0,,,ESE,41,11:14,25.0,72,8,E,13,1017.1,24.4,73,3,ESE,28,1014.8,201904,4096
1,We,19.0,27.4,0.2,,,ESE,43,12:30,22.8,87,7,S,11,1017.8,26.1,72,8,ESE,22,1015.6,201905,4096
2,Th,19.8,26.7,4.2,,,E,44,17:14,24.6,88,8,SE,13,1019.3,23.1,94,8,E,20,1017.4,201905,4096
3,Fr,20.0,27.3,4.0,,,ESE,41,10:51,25.0,78,8,SE,19,1019.6,26.5,67,,ESE,24,1016.3,201905,4096
4,Sa,18.1,27.8,0.2,,,E,30,10:25,24.0,80,7,SE,11,1016.8,27.2,62,4,ESE,15,1013.2,201905,4096
5,Su,18.5,26.0,0.2,,,SE,35,09:17,23.3,68,,ESE,20,1015.9,25.3,54,,E,17,1012.9,201905,4096
6,Mo,11.2,24.8,0,,,E,33,09:57,20.8,65,,ESE,9,1016.8,24.1,52,,E,17,1014.0,201905,4096
7,Tu,11.9,25.2,0,,,E,28,10:55,21.0,73,,SSW,11,1017.0,24.6,56,,E,17,1014.1,201905,4096
8,We,14.3,26.7,0.2,,,SE,43,11:51,22.5,81,,S,6,1016.5,25.4,61,,E,24,1013.8,201905,4096
9,Th,17.9,27.2,0,,,ESE,44,12:05,24.5,73,1,SSE,19,1016.6,25.4,71,7,ESE,22,1013.9,201905,4096
10,Fr,21.3,28.1,0.8,,,ESE,35,14:36,24.4,81,8,SSE,17,1017.2,27.4,68,1,ESE,20,1014.2,201905,4096
11,Sa,17.5,24.6,0.6,,,E,39,12:12,21.6,50,,ESE,17,1018.8,24.1,36,,ESE,24,1016.7,201905,4096
12,Su,9.3,25.2,0,,,SE,43,09:28,19.4,39,,SE,26,1021.4,24.0,57,1,ESE,26,1017.8,201905,4096
13,Mo,18.7,26.6,0,,,ESE,52,12:56,22.3,80,8,SSE,15,1020.0,25.6,62,2,ESE,35,1017.0,201905,4096
14,Tu,20.8,23.8,0,,,SE,50,00:16,22.3,88,8,SSE,17,1019.6,22.0,94,8,SE,22,1017.6,201905,4096
15,We,20.4,25.8,2.6,,,ESE,48,14:38,23.0,84,8,SSE,20,1020.6,24.0,75,8,ESE,30,1018.3,201905,4096
16,Th,20.5,26.4,0.4,,,ESE,50,11:32,23.7,79,8,ESE,24,1020.1,24.5,73,8,ESE,26,1017.4,201905,4096
17,Fr,19.6,26.2,0,,,ESE,46,12:17,22.2,85,8,SSE,17,1020.5,25.4,70,8,E,24,1017.8,201905,4096
18,Sa,19.8,26.8,0.6,,,SE,52,11:54,23.7,75,8,ESE,26,1022.1,24.8,69,,E,33,1019.2,201905,4096
19,Su,19.3,26.2,0.8,,,ESE,50,12:00,23.5,73,8,SE,22,1021.9,25.0,69,8,ESE,28,1018.9,201905,4096
20,Mo,18.5,26.4,2.4,,,ESE,48,14:37,23.2,77,1,ESE,24,1021.8,23.4,70,8,ESE,26,1019.7,201905,4096
21,Tu,19.0,25.8,0.6,,,ESE,54,14:47,22.4,81,8,SE,22,1021.3,24.6,67,,ESE,37,1018.9,201905,4096
22,We,18.5,25.2,0,,,ESE,48,12:21,22.4,80,4,SSE,24,1022.8,22.8,79,8,SE,28,1020.5,201905,4096
23,Th,19.6,26.1,0.4,,,ESE,43,11:39,23.2,73,,SE,20,1022.1,24.7,68,,E,22,1019.3,201905,4096
24,Fr,17.0,26.3,0,,,E,41,13:11,21.8,81,6,SSE,17,1020.6,23.8,71,7,E,20,1017.5,201905,4096
25,Sa,19.4,26.2,0.2,,,ESE,35,10:58,23.6,72,3,ESE,17,1019.4,24.6,66,7,ESE,26,1016.1,201905,4096
26,Su,18.0,26.6,0,,,ESE,35,10:45,24.5,74,7,ESE,15,1018.9,25.9,61,,E,20,1015.0,201905,4096
27,Mo,19.2,28.1,0,,,E,20,13:57,22.3,82,8,ENE,2,1018.2,26.7,38,8,E,13,1015.2,201905,4096
28,Tu,18.6,27.1,0,,,E,31,14:27,22.5,75,1,SE,9,1018.1,25.1,47,,E,19,1015.3,201905,4096
29,We,14.7,27.0,0,,,E,24,14:00,21.4,76,,S,6,1018.5,25.3,70,,E,17,1014.4,201905,4096
30,Th,15.2,27.3,0,,,NE,19,12:32,22.4,84,,Calm,Calm,1018.6,25.3,64,8,E,7,1015.5,201905,4096
31,Fr,18.8,20.7,2.2,,,ESE,41,09:59,19.2,89,8,SE,13,1020.5,18.1,72,8,E,19,1018.6,201905,4096
1,Sa,14.9,21.5,0.4,,,ESE,31,11:42,17.8,72,8,ESE,11,1022.6,21.4,62,8,E,19,1019.3,201906,4096
2,Su,16.3,22.4,0.4,,,SSW,44,22:58,18.2,89,8,E,6,1021.2,21.8,73,8,E,15,1017.9,201906,4096
3,Mo,17.1,25.4,1.0,,,ESE,22,11:22,20.6,77,8,SSE,9,1018.4,22.9,61,8,E,13,1015.4,201906,4096
4,Tu,8.6,21.6,0,,,ENE,30,15:03,16.2,65,,SSE,15,1019.9,20.1,46,,E,17,1016.3,201906,4096
5,We,7.5,20.5,0.2,,,ESE,37,11:53,14.3,76,5,SSE,4,1020.9,19.1,45,8,E,13,1019.0,201906,4096
6,Th,11.1,23.0,0,,,SE,44,13:08,17.6,48,8,SE,24,1023.9,22.8,56,8,ESE,26,1021.6,201906,4096
7,Fr,16.0,23.4,0.6,,,ESE,50,12:26,19.5,83,8,SSE,22,1024.8,20.2,88,5,SE,20,1023.2,201906,4096
8,Sa,17.7,24.9,5.0,,,ESE,48,11:48,21.3,76,6,ESE,19,1025.2,23.0,72,8,E,26,1021.9,201906,4096
9,Su,18.4,25.5,0.6,,,E,39,11:21,21.3,82,8,SE,17,1021.3,24.2,69,,ESE,26,1017.9,201906,4096
10,Mo,18.6,26.1,0.2,,,E,37,13:33,23.0,76,7,SSE,17,1021.0,24.1,68,,E,22,1018.2,201906,4096
11,Tu,15.5,25.5,0,,,E,43,12:15,21.3,83,8,SSE,17,1021.9,23.1,68,8,ESE,26,1019.1,201906,4096
12,We,16.1,26.1,0,,,E,33,10:15,21.6,77,1,SSE,17,1021.3,24.4,62,,E,20,1018.3,201906,4096
13,Th,14.6,25.2,0,,,ESE,33,10:13,20.2,89,7,SE,7,1020.5,23.6,71,8,E,20,1016.6,201906,4096
14,Fr,13.5,25.9,0,,,E,31,13:52,21.2,82,,S,9,1019.4,24.8,61,,E,17,1015.9,201906,4096
15,Sa,13.8,25.8,0,,,E,30,13:51,20.0,84,,SSW,9,1019.0,24.5,57,,E,17,1015.7,201906,4096
16,Su,16.1,26.0,0.2,,,E,26,12:46,21.6,81,8,S,2,1018.9,24.1,66,8,E,13,1015.9,201906,4096
17,Mo,13.5,27.0,0,,,E,28,14:42,18.5,99,8,SE,2,1018.6,25.6,52,,E,19,1014.5,201906,4096
18,Tu,9.4,23.7,0,,,E,31,14:35,18.7,62,,SE,17,1019.2,22.8,40,,E,19,1015.7,201906,4096
19,We,6.1,23.2,0,,,E,35,12:01,16.5,72,,Calm,Calm,1020.1,21.9,44,,E,20,1016.7,201906,4096
20,Th,5.4,24.0,0,,,SE,26,13:32,16.5,63,,SSW,7,1020.1,22.9,33,,E,15,1016.8,201906,4096
21,Fr,6.3,24.2,0,,,E,28,11:24,16.0,73,,SSE,4,1019.6,22.9,48,,ESE,19,1016.6,201906,4096
22,Sa,5.0,21.1,0,,,E,30,11:19,14.7,65,,SE,11,1019.6,20.2,44,,E,19,1017.2,201906,4096
23,Su,4.3,24.2,0,,,E,30,15:52,15.5,72,,NNW,2,1018.7,22.9,61,,E,20,1015.3,201906,4096
24,Mo,11.1,24.9,0,,,SW,50,02:01,18.9,79,,SSE,9,1020.0,22.4,64,,E,26,1017.9,201906,4096
25,Tu,11.3,23.6,0,,,ESE,43,12:34,18.8,66,4,SSE,15,1022.6,22.1,49,,E,24,1019.6,201906,4096
26,We,8.5,24.6,0,,,E,37,15:13,18.4,70,,SSE,9,1022.2,21.8,67,8,E,24,1019.1,201906,4096
27,Th,11.7,26.0,0,,,,,,19.6,83,8,SSE,13,1022.0,23.7,72,6,SE,33,1018.9,201906,4096
28,Fr,19.0,25.3,,,,ESE,63,12:50,21.6,77,5,SE,33,1022.3,24.4,65,,ESE,39,1019.9,201906,4096
29,Sa,15.6,25.1,0,,,ESE,39,10:49,20.6,68,,SSE,20,1022.7,23.6,55,,E,22,1018.9,201906,4096
30,Su,10.1,25.8,0,,,ENE,35,13:50,19.4,77,,E,6,1020.8,24.4,56,,E,20,1016.9,201906,4096
1,Mo,14.5,25.5,0,,,ESE,44,14:19,22.0,71,1,SSE,20,1019.8,23.5,42,,E,28,1016.6,201907,4096
2,Tu,11.5,25.5,0,,,E,35,11:32,20.4,74,,SSE,11,1019.2,23.8,51,,E,22,1015.6,201907,4096
3,We,8.9,25.4,0,,,E,37,15:41,19.4,73,,S,9,1019.2,22.8,65,5,E,24,1016.8,201907,4096
4,Th,18.3,23.6,0,,,SE,57,10:52,21.3,72,8,SE,31,1019.9,18.8,96,8,SSE,19,1017.5,201907,4096
5,Fr,17.4,20.0,17.2,,,SE,43,04:33,18.1,96,8,SSE,19,1019.5,19.5,93,8,SE,20,1016.9,201907,4096
6,Sa,17.9,25.6,5.4,,,ESE,41,15:49,19.9,88,8,SSE,17,1020.0,24.0,76,8,E,24,1018.5,201907,4096
7,Su,18.9,21.4,16.0,,,SE,46,02:14,19.3,97,8,SE,24,1022.6,20.8,93,8,SE,30,1019.9,201907,4096
8,Mo,19.0,24.7,4.2,,,SE,43,10:02,21.3,82,8,SE,24,1022.2,23.2,69,8,E,28,1019.3,201907,4096
9,Tu,14.9,24.6,0,,,E,43,11:01,21.0,78,4,SSE,20,1020.8,22.8,68,4,E,22,1017.3,201907,4096
10,We,16.7,25.2,0,,,SE,28,13:22,20.2,87,8,S,2,1020.5,23.3,70,6,ENE,15,1017.2,201907,4096
11,Th,18.3,25.3,0,,,E,31,12:51,21.0,86,8,SE,4,1021.8,23.3,70,8,E,13,1018.8,201907,4096
12,Fr,12.5,25.0,0.8,,,E,31,13:06,18.3,86,,WSW,2,1022.4,24.4,46,,ENE,20,1018.9,201907,4096
13,Sa,7.2,26.3,0.2,,,ESE,26,14:15,16.1,77,,Calm,Calm,1021.1,25.2,31,,E,15,1017.4,201907,4096
14,Su,7.6,22.4,0,,,ESE,43,10:21,17.9,63,,E,9,1021.3,21.4,48,,E,20,1018.0,201907,4096
15,Mo,4.7,22.0,0,,,E,30,10:52,14.4,54,,Calm,Calm,1022.6,21.2,29,,E,17,1018.3,201907,4096
16,Tu,2.5,21.4,0,,,E,31,10:32,14.4,62,,SE,7,1021.8,20.6,47,,E,17,1018.0,201907,4096
17,We,3.8,22.4,0,,,ESE,31,12:30,15.0,67,,Calm,Calm,1020.2,21.8,49,,E,13,1017.6,201907,4096
18,Th,4.1,23.0,0,,,E,31,12:05,14.4,81,,E,2,1020.5,21.6,33,,E,17,1016.8,201907,4096
19,Fr,2.5,22.5,0,,,E,35,12:44,14.1,73,,Calm,Calm,1020.3,21.5,39,,E,17,1017.7,201907,4096
20,Sa,4.5,23.5,0,,,ESE,35,14:27,15.7,72,,SSE,6,1021.3,22.6,56,,E,20,1018.4,201907,4096
21,Su,13.6,23.0,0,,,E,31,10:47,19.6,76,7,SSE,17,1019.1,21.0,72,8,E,20,1015.6,201907,4096
22,Mo,17.2,24.3,0.6,,,ESE,50,14:43,19.9,85,8,SSE,7,1018.1,22.7,69,8,E,22,1015.2,201907,4096
23,Tu,15.7,24.9,0,,,E,35,10:37,20.7,79,8,SSE,9,1020.9,24.3,55,5,E,19,1018.3,201907,4096
24,We,9.3,25.2,0,,,ESE,37,14:19,16.4,82,,WNW,4,1022.9,23.8,45,,E,22,1020.3,201907,4096
25,Th,7.1,24.5,0,,,ESE,35,12:50,18.2,72,,S,4,1022.5,23.6,55,,ESE,20,1019.9,201907,4096
26,Fr,7.6,24.8,0,,,ESE,33,10:47,18.1,84,,SE,7,1022.3,23.7,58,2,ESE,20,1018.7,201907,4096
27,Sa,8.8,25.2,0,,,E,33,12:09,17.8,82,,SSE,7,1022.5,23.7,54,,E,20,1018.6,201907,4096
28,Su,11.5,25.1,0,,,E,35,14:32,19.4,79,,S,6,1022.2,23.8,45,,E,24,1018.5,201907,4096
29,Mo,8.9,24.8,0,,,ESE,35,12:57,19.4,81,,S,9,1021.0,23.8,49,,ESE,20,1017.2,201907,4096
30,Tu,9.1,24.9,0,,,E,28,12:54,18.8,78,1,SSE,7,1021.0,24.2,48,,ENE,20,1017.2,201907,4096
31,We,11.4,24.7,0,,,E,39,16:52,19.5,85,,Calm,Calm,1021.8,23.3,55,,E,24,1019.7,201907,4096
1,Su,19.8,23.1,0,,,S,35,10:37,21.0,91,8,SSE,19,1023.5,21.1,94,8,S,20,1020.5,201807,4078
2,Mo,19.3,21.6,0,,,S,31,01:46,20.1,90,8,S,15,1023.3,21.2,86,7,SSE,17,1019.4,201807,4078
3,Tu,18.7,23.0,0.2,,,S,39,10:06,20.2,84,8,S,19,1021.5,21.9,75,,SSE,17,1019.2,201807,4078
4,We,17.1,22.4,0,,,SSE,39,11:59,19.4,76,,S,19,1021.3,21.3,57,,SSE,20,1018.5,201807,4078
5,Th,14.0,23.0,0.6,,,SSE,30,10:30,19.3,91,,S,13,1019.7,22.1,76,,SSE,17,1017.2,201807,4078
6,Fr,16.2,23.6,0,,,SE,26,16:58,19.7,89,8,SW,11,1017.9,21.9,84,8,ESE,13,1014.8,201807,4078
7,Sa,19.3,24.5,0,,,SSW,19,09:26,21.9,89,8,SSW,9,1016.6,23.4,84,8,ENE,7,1013.4,201807,4078
8,Su,16.5,19.7,0,,,S,59,06:38,16.9,44,,S,31,1021.4,19.1,48,,SE,24,1017.9,201807,4078
9,Mo,9.8,20.4,0,,,S,48,06:07,15.4,46,,S,26,1022.5,19.0,43,,SE,19,1018.5,201807,4078
10,Tu,8.9,21.2,0,,,SSE,43,12:18,16.0,64,,SSW,15,1021.4,20.3,56,,SSE,22,1018.4,201807,4078
11,We,14.8,21.4,0,,,SSE,43,10:10,18.5,81,,S,22,1020.4,20.8,71,,SSE,19,1017.7,201807,4078
12,Th,12.5,21.5,0,,,SE,31,13:15,18.0,82,,SW,13,1019.2,20.1,80,,SE,17,1015.7,201807,4078
13,Fr,12.1,22.4,0,,,SSE,28,11:54,17.4,84,,SSW,11,1018.1,20.7,71,,ESE,17,1014.6,201807,4078
14,Sa,10.9,20.7,0.2,,,SSE,39,10:56,16.7,61,,SSW,13,1018.5,19.6,61,,SE,19,1015.2,201807,4078
15,Su,10.5,20.8,0,,,SSE,24,09:50,15.9,76,,SSW,13,1018.1,19.9,36,,ESE,13,1015.0,201807,4078
16,Mo,10.5,24.3,0,,,WSW,24,05:54,16.4,61,,WSW,13,1017.1,23.6,61,,NNE,9,1013.5,201807,4078
17,Tu,10.6,21.5,0,,,SE,24,11:29,16.4,88,,SSW,11,1019.1,20.1,79,6,SE,11,1016.9,201807,4078
18,We,14.2,22.9,0.2,,,SE,28,15:33,17.8,91,,SW,9,1020.9,21.5,70,,SE,15,1018.0,201807,4078
19,Th,14.8,23.4,0.2,,,ENE,28,15:37,19.6,82,,SSW,11,1020.6,22.8,66,,E,17,1017.5,201807,4078
20,Fr,15.5,27.5,0,,,N,30,14:08,18.7,84,3,SW,7,1018.6,26.2,59,1,NNE,13,1015.1,201807,4078
21,Sa,16.1,22.5,0,,,SSE,41,12:29,20.0,55,6,SSW,20,1019.6,20.8,55,,SE,17,1017.5,201807,4078
22,Su,13.0,22.2,0,,,SE,31,14:25,17.8,65,,SSW,13,1021.1,20.5,72,,SE,17,1017.5,201807,4078
23,Mo,14.1,21.8,0,,,S,26,10:48,18.0,90,,SSW,13,1020.3,20.7,71,,ESE,11,1016.3,201807,4078
24,Tu,12.5,22.3,0,,,E,22,19:36,17.6,83,,SW,11,1019.9,22.0,61,,SE,11,1016.2,201807,4078
25,We,12.8,25.2,0,,,WSW,20,00:47,18.6,72,,WSW,9,1019.4,24.7,58,,NNE,7,1015.7,201807,4078
26,Th,14.8,23.7,0,,,ENE,26,14:49,19.2,82,,SW,13,1019.0,23.3,73,,ENE,11,1015.5,201807,4078
27,Fr,14.7,23.3,0.2,,,WSW,17,02:20,18.3,92,,SW,9,1019.2,21.8,74,,ESE,9,1014.9,201807,4078
28,Sa,14.7,22.9,0.2,,,E,24,14:08,18.8,89,,SW,9,1017.9,21.8,78,2,E,15,1014.0,201807,4078
29,Su,14.8,24.7,0.2,,,NNE,22,15:58,17.3,93,,WSW,9,1017.3,24.2,64,,NNE,11,1014.2,201807,4078
30,Mo,15.6,23.9,0.2,,,,,,21.2,61,,S,13,1018.9,22.8,54,,SE,17,1016.4,201807,4078
31,Tu,11.6,22.6,,,,SE,26,13:28,18.6,73,,SSW,13,1020.9,21.1,64,,E,15,1017.8,201807,4078
1,We,11.7,22.7,0,,,WSW,20,05:25,17.7,76,,SW,9,1020.6,22.1,57,,SE,11,1016.6,201808,4078
2,Th,12.5,23.1,0,,,ESE,31,21:01,18.3,69,,SW,11,1019.7,21.9,62,,SE,17,1017.3,201808,4078
3,Fr,14.9,23.5,0,,,,,,21.0,79,2,SSW,11,1019.9,22.1,80,,E,13,1016.2,201808,4078
4,Sa,16.0,23.7,,,,ENE,22,15:58,18.4,99,8,SW,9,1018.9,23.1,78,,ENE,11,1016.1,201808,4078
5,Su,15.6,23.7,0.4,,,WSW,17,06:03,18.6,94,,WSW,9,1019.0,22.4,75,,E,9,1015.6,201808,4078
6,Mo,16.5,27.6,0,,,NNW,30,12:34,21.0,86,,SW,7,1016.6,26.1,67,,NNE,13,1011.9,201808,4078
7,Tu,20.6,23.1,0.2,,,SSW,28,13:54,21.9,84,7,S,2,1015.3,20.2,45,8,SSW,13,1014.3,201808,4078
8,We,9.4,22.0,0,,,SSE,35,10:40,17.8,38,,SSW,17,1020.0,20.6,43,,ESE,17,1016.6,201808,4078
9,Th,10.6,22.1,0,,,E,30,16:24,17.5,63,,SW,11,1021.6,20.8,49,,ESE,17,1018.0,201808,4078
10,Fr,10.9,23.2,0,,,SSE,33,12:36,18.7,62,2,SSW,13,1021.7,21.8,58,,SE,15,1018.2,201808,4078
11,Sa,14.5,24.9,0,,,E,26,13:09,20.9,80,,SSE,9,1019.0,23.8,57,,ENE,13,1014.9,201808,4078
12,Su,14.1,26.8,0,,,WSW,26,07:43,20.4,75,,WSW,11,1018.0,25.8,62,,NNE,11,1015.2,201808,4078
13,Mo,14.7,20.5,0,,,S,52,08:19,16.4,29,,S,30,1022.4,19.8,44,,SE,20,1019.5,201808,4078
14,Tu,9.6,21.7,0,,,SSE,48,10:22,18.4,48,1,SSW,20,1023.6,20.9,55,,SSE,19,1020.7,201808,4078
15,We,12.5,23.0,0,,,SSE,30,11:32,19.2,67,1,SSW,15,1021.7,21.4,62,,SE,15,1018.8,201808,4078
16,Th,14.0,24.5,0,,,E,28,13:33,19.1,79,8,WSW,9,1018.2,23.9,68,,NE,13,1014.0,201808,4078
17,Fr,14.7,27.6,0,,,WSW,20,04:00,20.3,77,,WSW,7,1016.7,25.0,59,,NNE,9,1012.8,201808,4078
18,Sa,14.5,30.6,0,,,NNE,28,16:20,20.0,74,,WSW,9,1018.1,27.8,40,,NNE,11,1013.6,201808,4078
19,Su,12.8,25.2,0.4,,,WSW,31,03:41,19.7,52,,SSW,13,1018.3,24.0,47,,SE,15,1014.8,201808,4078
20,Mo,13.9,19.9,0,,,S,52,08:51,16.4,27,,S,31,1023.0,19.1,35,,SE,17,1018.7,201808,4078
21,Tu,7.4,20.7,0,,,SSE,39,09:31,17.4,34,,S,20,1021.5,19.4,47,,ESE,13,1017.2,201808,4078
22,We,9.9,25.7,0,,,N,30,11:34,17.7,57,,WSW,7,1019.3,23.8,42,,NNE,13,1014.5,201808,4078
23,Th,11.6,27.2,0,,,N,28,11:24,19.3,66,,W,6,1018.0,24.8,48,,NNE,11,1014.1,201808,4078
24,Fr,12.7,25.3,0,,,E,24,23:40,19.9,74,,SSW,7,1019.3,23.3,57,,ESE,9,1016.1,201808,4078
25,Sa,14.6,24.5,0,,,E,24,08:58,23.1,69,4,E,15,1017.9,22.3,71,6,E,13,1015.1,201808,4078
26,Su,17.0,27.7,0,,,NNE,28,14:03,22.3,76,5,S,9,1017.4,26.1,66,,NNE,13,1013.0,201808,4078
27,Mo,13.3,22.9,0,,,SE,41,10:50,20.3,50,,S,20,1019.5,21.9,55,,E,15,1015.9,201808,4078
28,Tu,11.5,22.9,0,,,E,28,15:47,20.5,65,,S,9,1019.6,21.5,71,,E,17,1015.5,201808,4078
29,We,13.1,,0,,,,,,20.6,67,,WSW,11,1019.0,23.3,65,,ENE,15,1015.8,201808,4078
30,Th,13.6,24.4,,,,WSW,19,05:55,20.8,71,,SW,9,1019.0,22.6,68,,ESE,9,1015.8,201808,4078
31,Fr,13.6,28.3,0,,,N,31,16:32,24.0,57,,NNE,9,1017.9,26.1,58,,NNE,15,1014.2,201808,4078
1,Sa,17.7,29.2,0,,,N,35,13:08,23.3,68,,WSW,7,1016.6,27.3,55,,N,17,1012.0,201809,4078
2,Su,15.6,29.9,0,,,ENE,24,13:39,24.5,36,,W,9,1016.4,28.9,38,,NE,9,1011.7,201809,4078
3,Mo,13.8,25.3,0,,,SSE,31,11:36,21.3,76,,SSE,19,1017.4,23.7,75,,SE,15,1014.2,201809,4078
4,Tu,17.2,28.7,0,,,SE,41,16:48,23.1,82,2,SSE,9,1017.0,27.7,58,8,NNE,13,1013.6,201809,4078
5,We,17.7,24.2,16.2,,,S,37,02:23,20.2,87,8,SSE,15,1017.9,22.5,76,6,SSE,15,1014.6,201809,4078
6,Th,19.1,25.6,0.4,,,SE,30,11:30,24.2,72,4,SE,17,1018.5,23.0,74,,SE,17,1014.4,201809,4078
7,Fr,17.4,26.3,0,,,E,24,14:11,23.0,77,7,SSE,7,1019.1,23.9,72,,E,15,1015.6,201809,4078
8,Sa,17.0,28.7,0,,,NNE,28,12:41,26.3,67,8,NNE,13,1018.3,26.4,63,,NNE,15,1014.8,201809,4078
9,Su,19.3,26.4,0,,,SSE,35,12:37,23.3,74,,SSW,19,1018.1,24.0,76,,ESE,17,1015.6,201809,4078
10,Mo,15.3,24.6,0,,,S,37,08:30,21.7,54,,SSE,24,1022.3,23.2,55,,E,19,1019.0,201809,4078
11,Tu,14.7,24.9,0,,,ESE,35,11:41,23.7,59,1,ESE,17,1020.9,22.1,68,8,ESE,17,1017.8,201809,4078
12,We,17.3,24.8,0,,,E,33,19:06,23.0,67,3,SE,17,1019.3,23.9,60,3,ESE,13,1016.4,201809,4078
13,Th,15.8,25.2,0,,,E,28,15:50,22.9,72,,S,15,1019.9,23.2,65,,ESE,15,1016.9,201809,4078
14,Fr,14.6,24.9,0,,,SSE,30,10:12,22.3,73,,S,15,1019.6,22.9,67,,E,13,1016.8,201809,4078
15,Sa,15.5,25.3,0,,,WSW,19,04:14,22.8,69,,ESE,6,1017.8,24.2,61,,E,9,1014.0,201809,4078
16,Su,15.4,29.2,0,,,NNE,28,12:39,22.5,67,,WSW,9,1015.0,26.7,53,,NNE,15,1011.0,201809,4078
17,Mo,18.0,25.0,0,,,S,39,06:19,22.1,46,,S,20,1018.0,24.0,70,1,SE,17,1015.4,201809,4078
18,Tu,21.7,26.2,0,,,E,35,13:10,24.6,69,8,ESE,13,1020.3,24.4,66,1,E,20,1016.3,201809,4078
19,We,19.1,25.7,0,,,ENE,24,01:55,24.4,53,,E,9,1019.0,23.7,57,,E,11,1014.2,201809,4078
20,Th,15.8,,0,,,,,,23.9,64,1,WNW,4,1016.1,26.3,57,,NE,13,1012.9,201809,4078
21,Fr,17.6,24.2,,,,S,54,05:32,22.2,38,,SSE,33,1021.3,23.1,40,,SE,22,1018.7,201809,4078
22,Sa,20.3,25.6,0,,,SE,46,04:43,22.5,60,8,SE,22,1024.1,23.8,46,,SE,20,1021.0,201809,4078
23,Su,19.6,25.2,0,,,SSE,44,09:35,22.6,66,,SSE,20,1022.5,24.7,55,,SE,17,1019.2,201809,4078
24,Mo,15.3,26.1,0,,,SSE,41,13:33,23.5,65,5,SSE,13,1019.8,24.2,58,,SSE,20,1017.8,201809,4078
25,Tu,21.0,25.7,0,,,SSE,39,10:29,23.0,64,3,SE,17,1020.7,24.3,63,,SE,17,1017.4,201809,4078
26,We,21.0,26.1,0,,,E,30,02:38,24.3,60,1,ESE,13,1020.2,24.7,60,,E,15,1017.0,201809,4078
27,Th,16.1,27.2,0,,,ENE,24,12:53,23.7,62,,ESE,7,1019.9,26.9,52,,NE,13,1016.6,201809,4078
28,Fr,15.8,27.1,0,,,ENE,24,15:52,24.1,66,,ESE,6,1020.9,25.5,56,,ENE,13,1018.0,201809,4078
29,Sa,17.0,26.5,0,,,E,20,11:04,24.2,64,1,ESE,9,1022.0,24.2,59,,ESE,9,1018.4,201809,4078
30,Su,16.6,26.6,0,,,ESE,39,22:15,23.5,65,2,SSE,11,1021.8,24.6,64,,ESE,11,1018.4,201809,4078
1,Mo,21.9,26.7,0,,,SE,41,08:44,25.1,61,,SE,17,1023.0,24.5,66,8,SE,20,1020.4,201810,4078
2,Tu,21.3,26.6,0,,,SE,43,06:02,23.7,56,1,SE,24,1024.1,24.3,55,,SE,20,1020.3,201810,4078
3,We,21.0,25.8,0,,,ESE,35,04:09,24.4,47,,ESE,13,1021.2,24.7,53,1,SE,17,1017.2,201810,4078
4,Th,14.9,27.0,0,,,E,24,12:29,24.0,58,1,ESE,6,1018.5,26.2,56,,NE,13,1013.2,201810,4078
5,Fr,17.6,29.5,0,,,NNE,33,14:00,26.2,58,,NNE,11,1016.1,27.5,54,,NNE,15,1011.8,201810,4078
6,Sa,19.1,29.7,0,,,NNW,33,10:49,26.7,62,3,NNE,11,1016.6,27.4,56,,NNE,17,1012.7,201810,4078
7,Su,21.4,30.5,0,,,NNE,30,12:45,27.0,63,5,NNE,11,1017.9,27.4,60,,NNE,17,1014.2,201810,4078
8,Mo,19.0,30.3,0,,,NNE,28,15:22,27.8,62,8,NNE,13,1017.5,27.8,56,2,NNE,13,1014.2,201810,4078
9,Tu,21.2,30.0,0,,,NNE,30,16:18,25.4,66,7,N,11,1017.0,28.3,57,,NNE,15,1013.1,201810,4078
10,We,21.5,30.5,0,,,N,37,14:33,25.3,66,5,N,17,1016.4,28.7,55,,N,15,1011.8,201810,4078
11,Th,20.2,29.9,0,,,N,43,13:35,27.2,61,6,N,17,1015.0,27.6,59,,N,20,1011.7,201810,4078
12,Fr,22.4,30.9,0,,,N,33,00:43,27.0,65,6,NNE,9,1016.8,26.3,66,6,ENE,13,1014.1,201810,4078
13,Sa,21.2,27.9,2.8,,,SSW,54,22:18,23.3,88,4,N,15,1015.5,25.2,74,8,N,15,1011.3,201810,4078
14,Su,17.1,26.7,15.4,,,E,31,13:30,23.2,74,2,SSE,11,1016.7,25.9,67,,E,17,1013.2,201810,4078
15,Mo,18.2,29.4,0,,,N,33,15:03,25.0,67,3,ESE,11,1017.1,27.2,56,,N,19,1012.5,201810,4078
16,Tu,19.2,31.5,0,,,NNE,33,15:11,26.2,71,2,NNE,9,1016.2,28.2,63,,NNE,17,1011.1,201810,4078
17,We,22.7,29.4,0.2,,,E,30,13:18,25.7,77,6,NW,2,1015.2,24.2,76,8,E,15,1011.9,201810,4078
18,Th,20.9,28.1,0,,,ESE,31,14:39,26.1,68,6,SE,13,1015.8,26.5,71,,ESE,15,1013.7,201810,4078
19,Fr,20.9,27.5,0,,,E,31,15:56,27.2,67,1,SE,11,1017.8,26.3,66,1,E,19,1014.4,201810,4078
20,Sa,20.8,28.6,0,,,E,28,14:53,26.1,66,,ESE,9,1017.7,26.9,60,,E,17,1013.7,201810,4078
21,Su,20.2,30.9,0,,,NNE,28,12:50,26.4,64,2,NNE,9,1015.9,28.6,58,,NE,13,1011.8,201810,4078
22,Mo,23.0,30.5,0,,,NE,26,14:40,27.3,63,7,ENE,11,1015.2,28.8,59,,NE,15,1010.8,201810,4078
23,Tu,22.9,29.8,0,,,ENE,30,14:00,29.0,60,,NE,11,1015.5,27.3,64,,E,20,1012.2,201810,4078
24,We,20.0,29.6,0,,,E,24,14:28,26.4,65,,SE,9,1017.1,27.4,63,,E,15,1013.6,201810,4078
25,Th,19.5,29.1,0,,,SE,30,09:59,27.7,68,2,SSE,15,1018.1,26.9,63,1,ESE,13,1015.4,201810,4078
26,Fr,19.0,30.8,0,,,NNE,26,12:57,26.4,60,,SE,7,1017.3,28.7,57,,NNE,13,1013.0,201810,4078
27,Sa,20.9,32.3,0,,,NNW,44,19:43,28.1,67,,N,15,1012.4,29.2,65,,N,20,1008.5,201810,4078
28,Su,22.7,32.4,0,,,N,52,20:22,28.4,63,1,N,15,1011.6,28.8,67,,N,24,1007.9,201810,4078
29,Mo,23.4,32.6,0,,,N,41,17:02,28.0,70,8,N,19,1012.7,29.8,67,6,NNE,17,1009.7,201810,4078
30,Tu,24.4,32.5,0,,,NNE,33,05:07,29.8,63,6,NE,11,1017.0,28.5,64,7,NE,13,1014.6,201810,4078
31,We,21.4,31.1,9.2,,,NE,30,14:15,25.7,77,8,N,7,1017.2,29.7,59,2,NNE,13,1014.8,201810,4078
1,Th,23.9,30.3,0,,,E,43,20:12,27.7,68,3,E,20,1019.3,27.6,64,4,E,20,1017.3,201811,4078
2,Fr,24.1,29.4,0.2,,,ENE,41,04:18,27.3,53,,ESE,17,1021.8,25.3,72,8,ESE,20,1019.0,201811,4078
3,Sa,21.3,28.8,0,,,E,30,13:27,26.9,59,6,ESE,15,1019.9,26.9,61,1,E,17,1016.1,201811,4078
4,Su,19.0,31.2,0,,,ENE,24,12:09,27.1,66,,SE,7,1016.7,29.4,56,,NE,13,1012.5,201811,4078
5,Mo,20.5,31.6,0,,,N,33,10:15,27.2,65,8,N,13,1014.9,29.7,54,,NNE,13,1011.3,201811,4078
6,Tu,23.0,32.3,0,,,NNE,30,08:43,29.3,59,1,NNE,17,1015.2,30.0,52,,NNE,15,1011.4,201811,4078
7,We,23.8,32.1,0,,,N,33,21:41,29.9,59,,NNE,15,1012.8,29.8,58,,NNE,17,1008.5,201811,4078
8,Th,22.1,31.0,0,,,SE,31,13:25,29.0,56,,SSE,11,1012.6,29.0,61,,SE,17,1009.2,201811,4078
9,Fr,20.4,28.9,3.4,,,SE,48,04:20,26.2,64,8,SE,22,1015.9,27.7,64,1,SE,22,1012.9,201811,4078
10,Sa,23.0,27.8,4.0,,,E,43,00:13,24.0,83,8,E,26,1014.3,26.1,59,1,ESE,20,1011.7,201811,4078
11,Su,23.0,29.4,0.4,,,SE,37,13:58,27.5,53,,SE,19,1015.8,27.8,56,,SE,19,1013.1,201811,4078
12,Mo,24.1,29.4,0,,,SE,37,12:49,26.8,56,4,ESE,17,1017.6,27.4,57,,SE,19,1014.3,201811,4078
13,Tu,22.6,28.9,0,,,SE,39,11:09,26.5,62,4,SSE,20,1016.3,27.8,63,5,SE,20,1012.9,201811,4078
14,We,24.3,29.5,0.2,,,E,31,04:12,28.3,54,1,ENE,15,1015.9,28.3,55,,E,19,1013.7,201811,4078
15,Th,20.8,29.1,0,,,ESE,28,14:52,27.7,60,1,ESE,13,1017.2,27.4,63,,ESE,17,1014.4,201811,4078
16,Fr,20.5,30.1,0,,,E,24,10:46,26.5,62,1,SE,7,1016.0,28.3,57,,ESE,13,1013.0,201811,4078
17,Sa,19.8,29.8,0,,,E,24,14:17,27.2,61,1,E,9,1014.9,28.4,56,,E,15,1012.1,201811,4078
18,Su,20.7,31.4,0,,,ENE,26,08:34,28.8,58,5,ENE,15,1014.6,29.9,58,1,ENE,13,1012.5,201811,4078
19,Mo,24.7,29.7,0,,,ENE,37,21:05,27.8,59,8,E,17,1015.1,27.5,59,6,E,20,1013.0,201811,4078
20,Tu,24.4,30.6,0,,,ENE,31,05:49,28.3,60,1,ENE,13,1015.6,29.3,54,,ENE,15,1012.0,201811,4078
21,We,24.3,32.2,0,,,N,50,17:05,28.5,58,,N,22,1013.0,29.0,59,,NNE,24,1008.1,201811,4078
22,Th,24.1,32.7,0,,,N,48,16:00,28.8,62,8,NNW,24,1011.4,30.2,62,4,N,26,1006.8,201811,4078
23,Fr,23.5,33.5,7.0,,,N,35,11:41,30.5,57,7,W,9,1011.3,32.7,56,,NNE,15,1007.3,201811,4078
24,Sa,21.3,34.6,0.2,,,NNE,39,14:30,30.5,27,,WSW,9,1012.1,31.4,48,,NNE,20,1006.8,201811,4078
25,Su,23.2,34.8,0,,,N,57,17:01,30.5,64,,NNW,28,1007.8,31.2,66,,N,31,1001.9,201811,4078
26,Mo,25.9,38.2,0,,,NNW,33,02:30,34.8,45,,WNW,6,1005.4,33.0,57,,NNE,11,1002.0,201811,4078
27,Tu,23.6,34.7,0,,,NNE,24,13:34,30.3,73,,N,13,1006.6,31.8,66,,NNE,13,1003.2,201811,4078
28,We,25.4,36.1,0,,,NNW,57,19:19,32.0,64,,NNW,13,1005.9,29.6,82,,N,22,1001.5,201811,4078
29,Th,26.4,33.0,0.4,,,E,31,12:40,32.4,22,,S,15,1008.6,31.5,40,,ENE,15,1005.6,201811,4078
30,Fr,20.7,32.4,0,,,E,28,12:31,28.9,68,,SSE,9,1010.6,31.3,66,,NE,11,1007.3,201811,4078
1,Sa,23.6,34.7,0,,,N,26,09:13,30.0,69,,N,15,1011.9,32.3,61,,NNE,15,1008.2,201812,4078
2,Su,26.6,34.3,0,,,NNE,41,15:58,30.9,64,,N,19,1012.2,32.6,56,,NNE,20,1007.2,201812,4078
3,Mo,26.0,34.9,0,,,SW,50,21:20,30.4,66,,N,22,1009.0,31.9,65,,N,20,1005.8,201812,4078
4,Tu,22.6,34.1,5.4,,,E,54,23:27,30.2,72,,N,13,1009.5,32.5,61,,NNE,15,1006.6,201812,4078
5,We,22.6,30.9,29.0,,,ENE,52,00:15,26.3,84,,S,20,1010.4,25.9,87,,SE,28,1008.5,201812,4078
6,Th,22.9,28.2,25.2,,,SSE,61,16:48,28.1,77,,SE,22,1012.0,24.8,82,,SSE,24,1010.0,201812,4078
7,Fr,20.5,27.9,35.4,,,SSE,63,19:37,22.6,95,,S,24,1012.7,25.2,77,,SSE,33,1010.6,201812,4078
8,Sa,21.1,25.7,39.0,,,SSE,72,23:57,22.3,95,,S,33,1012.0,24.0,89,,SSE,35,1009.9,201812,4078
9,Su,22.2,27.1,20.2,,,SSE,69,01:40,24.5,86,,SE,33,1011.0,25.5,84,,SE,28,1009.1,201812,4078
10,Mo,22.7,29.5,6.0,,,SSE,56,03:27,27.0,78,,SE,22,1011.2,24.5,93,,ESE,20,1009.7,201812,4078
11,Tu,23.9,29.8,2.0,,,SSE,37,21:58,27.7,74,,SE,19,1012.8,29.1,72,,SSE,20,1009.8,201812,4078
12,We,24.4,29.0,2.2,,,SE,37,04:20,27.5,82,,ESE,15,1011.0,26.0,83,,E,22,1008.6,201812,4078
13,Th,24.7,31.6,8.2,,,S,39,14:41,28.8,78,,NNE,11,1009.0,22.2,93,,S,17,1006.5,201812,4078
14,Fr,21.9,32.0,34.6,,,N,41,12:16,26.8,76,,N,11,1004.9,29.8,67,7,N,19,1001.6,201812,4078
15,Sa,25.4,30.7,0.8,,,N,28,01:34,26.6,91,5,N,9,1006.9,29.9,63,7,SW,7,1004.5,201812,4078
16,Su,24.1,27.6,8.8,,,SSE,67,20:31,24.9,98,1,NNE,15,1007.0,26.7,85,8,SSE,20,1002.7,201812,4078
17,Mo,22.6,31.6,53.8,,,SSW,50,10:55,26.1,82,8,SSW,30,1002.3,29.7,66,8,SSW,24,1001.1,201812,4078
18,Tu,23.7,30.7,1.0,,,SE,41,18:49,26.5,73,8,S,20,1007.9,29.6,66,,SE,20,1005.0,201812,4078
19,We,24.7,30.8,0.8,,,SSE,41,10:26,28.1,78,8,SSE,24,1010.5,29.7,71,,SSE,20,1007.1,201812,4078
20,Th,25.9,30.5,0,,,SSE,39,09:01,28.5,78,7,SSE,24,1010.7,29.1,74,3,SE,19,1007.6,201812,4078
21,Fr,25.7,31.5,0,,,E,22,11:14,29.5,75,8,ENE,13,1008.6,30.3,72,,ENE,11,1006.7,201812,4078
22,Sa,26.3,32.5,0,,,N,35,18:53,29.1,85,8,ENE,13,1008.5,31.1,69,1,N,13,1005.3,201812,4078
23,Su,25.3,31.3,0,,,ESE,56,19:03,29.0,80,7,E,15,1009.7,24.6,87,8,SE,24,1008.9,201812,4078
24,Mo,23.2,28.5,9.0,,,SE,56,03:29,26.6,64,8,SE,30,1014.5,27.5,58,2,SE,26,1012.3,201812,4078
25,Tu,25.0,28.4,0.2,,,SSE,54,08:28,25.9,76,8,SSE,28,1013.9,27.8,66,8,SE,28,1012.0,201812,4078
26,We,22.7,29.3,1.0,,,SSE,44,01:42,26.7,76,8,SE,24,1012.8,27.1,70,7,SE,22,1011.0,201812,4078
27,Th,24.1,29.8,0.4,,,ESE,46,21:43,27.2,71,8,SSE,24,1012.1,26.8,83,8,SE,19,1009.0,201812,4078
28,Fr,25.2,29.6,0.4,,,E,44,21:37,27.6,65,8,SE,22,1011.7,28.8,65,,SE,22,1009.4,201812,4078
29,Sa,23.7,28.7,5.0,,,ESE,50,10:48,26.7,82,7,ESE,20,1012.9,26.9,77,8,ESE,22,1010.6,201812,4078
30,Su,24.5,29.6,2.0,,,SE,44,00:32,26.8,76,8,SE,24,1014.3,29.2,69,1,SE,17,1011.0,201812,4078
31,Mo,24.8,29.7,0,,,SE,39,04:25,28.1,61,,SE,20,1012.9,28.5,61,5,ESE,15,1010.1,201812,4078
1,Tu,24.9,29.8,0,,,ESE,33,08:36,28.1,62,1,SE,19,1011.6,27.8,65,8,SE,15,1008.8,201901,4078
2,We,25.0,29.6,0,,,ESE,35,16:41,28.3,62,2,ESE,15,1010.3,28.7,63,3,ESE,17,1007.6,201901,4078
3,Th,23.4,30.2,0,,,ESE,39,18:15,27.7,70,,SSE,22,1009.6,29.8,67,,SSE,19,1007.4,201901,4078
4,Fr,25.1,30.3,0,,,SE,41,07:12,28.5,65,2,SE,22,1011.3,28.9,62,,SE,20,1009.7,201901,4078
5,Sa,25.3,30.4,0.2,,,SE,35,10:28,28.7,69,3,SE,17,1011.8,29.4,66,,SE,20,1009.2,201901,4078
6,Su,22.3,30.3,0,,,SSE,37,09:57,27.8,69,1,S,20,1010.6,29.2,67,,SE,20,1008.0,201901,4078
7,Mo,24.6,30.4,0,,,SSE,59,22:36,26.8,73,8,S,28,1009.9,28.6,67,,SE,26,1007.3,201901,4078
8,Tu,22.3,26.3,32.4,,,S,65,08:49,22.6,98,8,S,37,1007.2,22.8,94,8,SSW,28,1004.8,201901,4078
9,We,22.1,30.1,61.0,,,SSW,43,00:19,25.8,92,8,NE,13,1006.5,28.3,79,8,ENE,20,1005.4,201901,4078
10,Th,24.5,29.8,9.6,,,E,48,21:07,26.0,89,8,SE,15,1010.7,26.6,89,8,ESE,17,1009.3,201901,4078
11,Fr,23.4,29.8,35.0,,,E,39,03:27,27.0,72,7,E,17,1014.1,28.4,67,,ESE,15,1012.3,201901,4078
12,Sa,24.0,29.6,0,,,SSE,39,11:17,27.7,67,8,SE,19,1014.4,28.6,64,,SSE,19,1012.4,201901,4078
13,Su,23.5,30.1,0,,,SSE,44,10:22,26.4,76,8,SSE,26,1012.3,29.7,70,5,SSE,22,1010.2,201901,4078
14,Mo,24.0,29.4,5.2,,,SSE,44,12:17,27.4,73,8,SSE,24,1012.3,28.3,71,1,SSE,24,1010.6,201901,4078
15,Tu,24.3,29.8,3.6,,,ESE,41,01:57,28.1,66,2,ESE,20,1013.8,28.1,66,,SSE,20,1011.0,201901,4078
16,We,24.8,29.6,0,,,E,30,18:21,28.1,63,1,ESE,11,1012.6,28.6,66,,SE,17,1009.8,201901,4078
17,Th,24.6,30.4,0,,,,,,28.3,63,1,E,13,1012.3,28.3,68,,E,11,1009.9,201901,4078
18,Fr,25.2,30.6,,,,E,31,19:08,28.9,70,1,ENE,15,1012.9,29.3,66,1,ENE,19,1012.0,201901,4078
19,Sa,25.1,30.3,0,,,SE,33,12:27,27.6,69,8,SE,13,1014.9,29.0,60,,SE,15,1012.4,201901,4078
20,Su,25.5,30.1,0,,,SSE,35,14:35,28.2,62,1,ESE,17,1014.5,28.0,64,5,SE,20,1012.8,201901,4078
21,Mo,25.1,29.7,0,,,SE,39,13:46,28.2,67,1,ESE,17,1013.3,28.6,65,3,SE,19,1012.0,201901,4078
22,Tu,25.0,29.6,0.8,,,ESE,37,09:08,27.5,72,8,ESE,19,1013.7,29.0,62,2,SE,15,1012.2,201901,4078
23,We,25.0,29.3,0,,,ESE,28,00:50,26.7,75,8,ESE,11,1012.7,28.7,67,1,ESE,13,1010.3,201901,4078
24,Th,21.5,29.8,0.2,,,E,35,15:02,27.8,67,,SSE,11,1012.2,28.8,68,2,E,22,1010.2,201901,4078
25,Fr,25.3,30.2,0,,,E,35,22:46,28.1,70,4,E,15,1012.8,29.1,63,1,E,17,1010.9,201901,4078
26,Sa,24.2,29.4,3.8,,,E,35,21:51,27.5,72,8,E,17,1012.2,28.3,66,7,E,17,1009.3,201901,4078
27,Su,25.8,27.4,0,,,ENE,43,11:20,26.5,81,8,E,22,1010.1,27.0,74,5,E,26,1008.4,201901,4078
28,Mo,23.4,26.3,55.4,,,E,39,05:56,24.3,93,8,ENE,24,1010.3,25.9,82,8,E,24,1008.9,201901,4078
29,Tu,24.1,26.8,12.0,,,ENE,46,07:13,26.2,89,8,ENE,24,1010.3,24.4,97,8,ENE,20,1008.5,201901,4078
30,We,23.6,27.5,48.2,,,E,46,17:13,26.5,81,8,ENE,22,1011.1,27.2,79,8,ENE,24,1009.0,201901,4078
31,Th,25.3,28.5,0,,,E,37,07:12,26.8,80,7,NE,15,1009.9,27.0,77,8,E,20,1008.4,201901,4078
1,Fr,24.8,29.0,0,,,E,43,21:39,28.4,75,8,ENE,20,1010.3,27.8,70,7,E,20,1007.9,201902,4078
2,Sa,25.9,29.1,0,,,E,43,11:04,27.7,74,,E,26,1009.3,28.3,69,8,E,19,1007.3,201902,4078
3,Su,25.9,26.8,0,,,ENE,50,11:00,26.5,83,8,E,24,1008.3,24.2,90,8,ESE,17,1007.4,201902,4078
4,Mo,22.7,27.5,24.2,,,ENE,50,11:32,26.5,85,8,E,24,1006.6,25.2,93,8,ESE,20,1004.5,201902,4078
5,Tu,23.7,26.0,34.6,,,E,52,02:30,25.1,92,8,ESE,20,1005.5,24.4,96,8,E,31,1002.8,201902,4078
6,We,24.1,27.0,28.4,,,ENE,65,15:33,25.4,93,8,E,31,1004.2,25.2,94,8,E,33,1001.3,201902,4078
7,Th,22.3,27.4,41.6,,,ESE,57,02:19,26.2,83,8,SE,24,1003.9,24.4,96,8,SE,28,1001.9,201902,4078
8,Fr,23.2,29.3,11.0,,,SSE,50,14:01,26.5,84,8,SSE,26,1003.2,26.8,84,8,SSE,28,1001.0,201902,4078
9,Sa,23.6,30.3,7.6,,,SSE,37,10:11,27.0,85,,S,20,1002.3,29.2,71,,SSE,19,1000.4,201902,4078
10,Su,22.6,30.0,0,,,SE,24,11:01,27.8,78,,S,11,1003.7,29.0,74,,E,13,1002.2,201902,4078
11,Mo,24.8,31.6,0,,,NE,24,14:01,28.8,81,2,E,9,1007.7,30.4,71,1,NNE,13,1004.8,201902,4078
12,Tu,24.6,31.7,0,,,N,33,13:59,28.8,80,6,N,15,1006.9,31.0,72,,N,19,1002.8,201902,4078
13,We,24.2,33.4,0,,,WSW,28,09:06,30.0,54,,W,11,1005.6,30.0,74,,ESE,9,1003.9,201902,4078
14,Th,23.5,30.8,0,,,SE,30,20:48,29.2,78,4,SE,11,1008.6,29.6,73,,ESE,11,1007.4,201902,4078
15,Fr,26.5,30.7,0,,,SSE,37,11:44,29.0,70,5,SSE,15,1013.9,29.7,65,,SE,15,1012.0,201902,4078
16,Sa,25.9,30.1,0.4,,,SE,43,03:23,27.8,78,8,S,19,1014.2,28.1,75,6,SE,20,1011.4,201902,4078
17,Su,24.3,29.5,0.2,,,SSE,33,09:00,27.8,65,1,SSE,20,1012.6,28.5,64,,ESE,17,1008.4,201902,4078
18,Mo,22.0,29.5,0,,,ESE,26,11:36,27.7,69,1,S,15,1010.9,28.6,59,,E,15,1007.2,201902,4078
19,Tu,21.9,31.1,0,,,N,22,15:21,27.5,68,,W,4,1009.0,30.7,65,,NNE,11,1004.5,201902,4078
20,We,25.4,32.2,0,,,ENE,33,22:47,30.3,78,6,N,9,1006.5,30.2,75,,E,17,1003.3,201902,4078
21,Th,25.0,31.5,0.2,,,NE,22,14:32,29.1,74,,E,9,1006.5,30.8,69,,NE,13,1003.4,201902,4078
22,Fr,25.3,30.5,0,,,SE,24,08:57,28.1,80,8,SE,15,1008.5,29.7,66,6,E,13,1007.1,201902,4078
23,Sa,24.1,30.6,0,,,ENE,28,08:36,27.2,72,8,NE,15,1012.4,28.4,66,8,E,17,1010.8,201902,4078
24,Su,24.5,29.5,1.0,,,ESE,44,23:45,28.0,66,8,ESE,17,1016.7,28.5,65,2,SE,19,1014.6,201902,4078
25,Mo,24.6,29.2,1.2,,,ESE,48,19:46,27.5,58,8,SE,22,1018.5,28.4,58,,SE,22,1015.3,201902,4078
26,Tu,21.0,28.5,8.0,,,SSE,46,10:56,21.3,92,8,SSE,19,1017.3,26.6,68,7,SSE,24,1014.1,201902,4078
27,We,21.2,27.8,5.2,,,SSE,46,13:14,25.3,75,8,SSE,19,1016.1,26.1,71,3,ESE,17,1013.3,201902,4078
28,Th,22.1,28.5,4.4,,,E,48,04:02,26.6,75,8,E,22,1016.6,26.3,74,6,SSE,26,1013.8,201902,4078
1,Fr,22.3,28.3,4.8,,,ENE,48,01:59,25.8,78,7,SSE,20,1016.4,27.7,67,4,SE,24,1013.8,201903,4078
2,Sa,23.1,28.5,3.4,,,SSE,48,11:17,27.1,66,6,SE,22,1016.1,27.9,62,,SE,19,1013.0,201903,4078
3,Su,21.7,28.4,13.0,,,SSE,54,01:43,24.9,87,8,SSE,28,1015.3,27.6,68,1,SSE,22,1012.6,201903,4078
4,Mo,22.0,28.0,14.0,,,SSE,48,13:03,22.7,95,8,SSE,19,1015.4,26.6,75,8,SSE,26,1012.0,201903,4078
5,Tu,22.3,28.5,15.4,,,S,48,11:26,23.6,91,8,S,30,1012.7,25.3,93,8,S,24,1010.1,201903,4078
6,We,23.6,27.6,11.6,,,S,46,10:30,24.4,97,8,S,20,1010.9,26.7,83,8,S,20,1008.4,201903,4078
7,Th,23.7,29.9,51.8,,,S,35,12:11,26.2,89,7,S,17,1011.2,29.3,76,7,SSE,17,1009.6,201903,4078
8,Fr,24.5,28.6,4.0,,,E,43,13:46,26.5,88,7,E,15,1015.0,25.8,93,,ESE,9,1013.4,201903,4078
9,Sa,24.2,28.7,20.8,,,SE,33,17:24,26.7,85,8,SE,17,1016.8,27.6,78,8,SE,17,1014.5,201903,4078
10,Su,23.5,29.3,0.4,,,S,30,08:29,25.9,83,1,S,17,1016.8,28.1,74,,SE,13,1013.0,201903,4078
11,Mo,21.8,29.4,0.2,,,E,24,14:25,27.7,78,2,SSW,7,1013.7,28.6,73,,E,15,1011.0,201903,4078
12,Tu,23.0,31.3,0,,,N,33,15:53,27.7,82,5,NW,7,1011.7,30.1,74,4,NNE,15,1009.4,201903,4078
13,We,23.6,31.6,0.6,,,SSW,22,00:12,27.7,80,7,E,7,1012.0,30.6,71,,NE,11,1010.4,201903,4078
14,Th,23.5,31.9,0.2,,,NNE,22,11:19,28.0,80,8,SE,9,1013.7,29.4,70,,ENE,13,1010.4,201903,4078
15,Fr,24.3,32.6,0,,,NNE,28,19:02,28.5,81,8,NW,7,1012.0,30.9,70,,NNE,13,1009.4,201903,4078
16,Sa,23.8,31.6,3.6,,,NNW,30,05:21,28.8,81,8,NNE,11,1012.2,30.0,69,5,NNE,11,1009.8,201903,4078
17,Su,23.6,30.8,9.6,,,ENE,31,06:44,28.4,75,,NE,9,1013.4,29.3,68,,NE,11,1010.8,201903,4078
18,Mo,22.6,29.7,0,,,E,20,13:24,28.2,75,,S,7,1013.4,28.4,73,,ESE,9,1010.5,201903,4078
19,Tu,23.2,31.0,0,,,ENE,24,09:36,27.6,81,8,SSE,6,1013.0,29.5,73,1,E,13,1009.7,201903,4078
20,We,23.1,30.9,0,,,ENE,22,14:04,28.3,76,,ESE,6,1012.8,29.9,71,,ENE,13,1010.1,201903,4078
21,Th,23.1,29.3,0,,,ENE,24,16:40,27.8,87,,S,9,1012.6,28.1,76,,E,13,1010.7,201903,4078
22,Fr,26.0,28.8,0,,,E,41,09:11,28.1,75,1,E,11,1013.7,28.3,74,,SE,15,1012.1,201903,4078
23,Sa,25.0,29.8,0.6,,,E,30,08:53,27.9,78,2,E,19,1014.2,29.2,76,1,ESE,15,1012.2,201903,4078
24,Su,24.1,30.1,0,,,E,26,16:28,28.6,72,1,ESE,11,1014.7,28.4,71,,E,17,1012.4,201903,4078
25,Mo,23.2,31.4,0,,,ENE,24,14:54,28.3,75,,ESE,6,1014.7,30.2,69,,ENE,13,1011.9,201903,4078
26,Tu,25.1,31.1,0,,,ENE,28,20:57,29.8,71,,NNE,9,1014.7,29.5,71,,E,13,1011.2,201903,4078
27,We,26.4,31.7,0,,,ENE,28,14:19,30.1,78,8,NE,9,1013.5,28.5,77,8,ENE,13,1010.1,201903,4078
28,Th,22.6,28.0,31.2,,,ESE,33,03:34,25.2,88,8,ESE,11,1012.0,27.6,75,8,E,13,1008.5,201903,4078
29,Fr,23.4,30.1,17.0,,,ENE,35,00:03,24.5,96,,NNW,15,1011.0,25.1,86,3,NNW,19,1008.3,201903,4078
30,Sa,23.7,31.3,17.4,,,N,33,12:47,25.5,97,,WNW,6,1011.0,29.0,81,1,N,17,1007.3,201903,4078
31,Su,23.5,28.7,1.0,,,SSE,48,10:34,26.2,88,1,S,15,1013.2,27.8,68,1,SSE,24,1011.7,201903,4078
1,Mo,22.7,27.3,0.2,,,S,43,03:15,25.5,64,8,S,24,1016.2,26.5,73,8,SSE,22,1013.7,201904,4078
2,Tu,22.6,28.1,4.2,,,SSE,50,10:34,25.2,71,,S,26,1017.1,26.5,70,8,SSE,26,1013.7,201904,4078
3,We,23.2,27.8,0,,,S,48,14:15,25.4,77,3,S,31,1017.7,26.4,82,7,SE,22,1015.3,201904,4078
4,Th,22.7,27.7,2.4,,,SSE,54,18:47,23.1,95,6,S,26,1019.7,26.8,73,4,SSE,28,1017.2,201904,4078
5,Fr,22.0,27.9,7.6,,,SE,50,02:19,24.9,77,5,S,22,1020.0,24.3,83,8,ESE,9,1017.4,201904,4078
6,Sa,21.2,27.1,12.8,,,SE,46,16:05,22.2,95,6,SE,11,1020.4,25.9,72,5,SSE,24,1016.6,201904,4078
7,Su,22.1,27.5,1.6,,,E,37,04:39,23.8,84,6,S,19,1019.5,26.8,64,,SE,19,1016.4,201904,4078
8,Mo,19.4,27.8,0.2,,,SSE,41,12:19,25.2,74,,S,20,1018.4,26.7,67,,SSE,20,1016.2,201904,4078
9,Tu,20.5,27.6,0,,,SSE,33,10:39,24.8,82,1,S,19,1017.9,27.0,65,,SE,17,1015.3,201904,4078
10,We,19.1,27.6,0.2,,,SSW,22,10:05,24.4,73,,SW,9,1017.3,26.9,64,,E,11,1014.1,201904,4078
11,Th,20.0,27.6,0.4,,,SSE,54,17:42,23.3,93,7,S,17,1017.1,26.2,69,8,SE,24,1014.8,201904,4078
12,Fr,22.6,26.9,0.8,,,S,48,10:55,24.0,75,8,S,26,1017.2,26.2,67,,SSE,24,1014.6,201904,4078
13,Sa,21.0,26.8,0.2,,,SSE,50,09:16,23.6,78,8,S,28,1017.8,25.5,67,5,SSE,24,1015.3,201904,4078
14,Su,22.2,26.4,1.0,,,SSE,54,05:56,24.1,78,8,S,24,1017.4,25.9,70,2,S,20,1015.2,201904,4078
15,Mo,20.5,26.4,1.4,,,S,43,07:58,22.4,89,8,SSW,22,1017.5,24.6,73,6,SSE,17,1014.8,201904,4078
16,Tu,20.6,26.2,2.0,,,S,43,05:17,23.9,81,5,S,20,1018.2,25.7,72,1,SSE,19,1015.1,201904,4078
17,We,21.1,26.2,0,,,S,39,10:44,24.2,78,2,S,20,1018.4,25.6,71,,SSE,17,1015.6,201904,4078
18,Th,20.0,26.3,2.6,,,SSE,48,23:21,23.6,80,,S,30,1018.1,25.8,73,,SSE,22,1016.2,201904,4078
19,Fr,20.8,26.5,6.2,,,ESE,50,00:53,23.8,84,2,S,26,1019.0,26.1,75,2,SSE,20,1016.0,201904,4078
20,Sa,21.4,27.0,0,,,S,46,09:36,23.9,80,3,S,26,1016.4,25.9,76,7,SSE,22,1013.4,201904,4078
21,Su,22.2,27.2,1.4,,,S,52,22:12,24.0,89,8,SSE,24,1015.3,25.0,86,8,S,20,1013.1,201904,4078
22,Mo,22.1,24.6,10.6,,,SSE,48,18:52,22.9,90,8,SSE,22,1016.2,22.9,95,4,SSE,19,1013.8,201904,4078
23,Tu,21.7,25.6,61.0,,,S,41,10:40,22.4,97,8,S,22,1017.0,25.4,82,5,SE,19,1014.2,201904,4078
24,We,22.3,25.1,18.0,,,SE,50,20:06,23.8,95,8,SSE,19,1015.5,24.0,94,8,SE,20,1012.5,201904,4078
25,Th,22.5,27.3,89.8,,,SE,46,01:05,24.8,90,7,SSE,15,1014.4,26.2,81,,SE,13,1011.6,201904,4078
26,Fr,22.2,26.9,0,,,S,35,23:58,24.2,88,7,S,19,1014.6,25.8,83,,SE,15,1011.8,201904,4078
27,Sa,21.9,25.4,0.2,,,S,41,14:17,23.4,87,8,S,24,1016.0,23.8,86,8,SSE,22,1014.7,201904,4078
28,Su,21.6,26.5,14.8,,,S,46,11:15,22.8,92,8,S,24,1018.7,25.7,76,1,SSE,22,1017.4,201904,4078
29,Mo,21.1,26.2,0,,,S,41,10:10,23.6,81,8,S,20,1019.1,25.5,67,6,SE,20,1016.8,201904,4078
30,Tu,21.6,26.2,0,,,E,44,08:33,22.2,82,6,NE,15,1017.5,23.6,75,8,S,17,1015.4,201904,4078
1,We,20.8,27.5,1.2,,,E,35,02:28,26.2,73,8,SE,9,1017.9,26.1,70,4,ESE,13,1015.8,201905,4078
2,Th,23.5,26.4,0,,,ENE,41,09:16,24.9,82,8,E,17,1019.7,26.0,70,8,ESE,20,1017.5,201905,4078
3,Fr,22.9,26.4,3.6,,,SSE,33,16:10,23.6,83,8,SE,11,1020.0,25.4,77,,SSE,17,1016.4,201905,4078
4,Sa,19.3,26.7,0.4,,,SW,31,17:27,23.9,82,1,S,11,1016.8,24.9,79,7,SE,11,1013.2,201905,4078
5,Su,19.4,24.5,0.4,,,,,,20.7,54,,S,26,1016.4,24.0,51,,SE,15,1012.9,201905,4078
6,Mo,,,,,,,,,,,,,,,,,,,,,201905,4078
7,Tu,,,,,,,,,,,,,,,,,,,,,201905,4078
8,We,,,,,,,,,,,,,,,,,,,,,201905,4078
9,Th,,,,,,,,,,,,,,,25.0,76,6,SSE,19,1013.9,201905,4078
10,Fr,,26.8,,,,SSE,35,11:16,23.2,87,8,S,17,1017.2,25.9,77,1,SSE,19,1014.3,201905,4078
11,Sa,17.4,23.3,0.2,,,SSE,46,10:38,19.2,45,,SSW,26,1019.7,22.6,49,,SSE,22,1017.3,201905,4078
12,Su,12.0,23.0,0,,,SSE,50,14:36,17.7,50,,S,24,1021.6,22.0,63,,SSE,26,1018.2,201905,4078
13,Mo,17.6,25.1,0,,,SSE,50,00:03,20.8,83,8,S,24,1020.3,23.7,77,8,SSE,22,1017.5,201905,4078
14,Tu,20.6,22.9,0.2,,,SSE,50,20:56,21.9,86,7,S,22,1020.3,21.5,95,8,S,24,1017.8,201905,4078
15,We,20.0,24.4,14.4,,,SSE,46,00:01,21.9,93,8,S,22,1021.2,23.6,78,5,SSE,26,1018.8,201905,4078
16,Th,20.2,24.2,1.0,,,SSE,44,09:57,21.5,91,8,S,24,1020.7,22.8,80,8,S,20,1017.8,201905,4078
17,Fr,19.6,24.4,0.2,,,S,44,10:47,21.7,86,8,S,22,1021.0,23.0,79,8,SSE,26,1018.3,201905,4078
18,Sa,20.0,24.2,1.4,,,SSE,46,10:31,21.9,82,,SSE,26,1022.6,23.8,78,,SSE,24,1019.6,201905,4078
19,Su,19.2,24.2,1.2,,,SSE,46,15:10,21.4,82,8,S,24,1022.5,23.6,79,2,SSE,24,1019.4,201905,4078
20,Mo,18.9,24.0,3.2,,,SSE,44,09:55,21.5,82,,S,20,1022.2,22.1,83,5,SSE,24,1020.0,201905,4078
21,Tu,19.3,24.0,8.6,,,S,44,09:42,20.7,90,6,S,26,1021.6,23.6,78,1,SSE,22,1019.7,201905,4078
22,We,19.3,22.9,0.2,,,S,43,09:30,21.0,87,8,S,24,1023.1,22.2,87,8,SSE,19,1020.6,201905,4078
23,Th,19.3,24.0,2.8,,,S,41,02:34,21.4,83,1,S,22,1022.5,23.2,78,1,SSE,20,1019.6,201905,4078
24,Fr,18.8,24.1,2.6,,,SSE,39,12:20,20.0,93,8,S,17,1020.7,22.6,79,7,SSE,19,1017.4,201905,4078
25,Sa,19.6,24.3,0.2,,,SSE,33,08:57,22.6,82,8,S,20,1019.6,23.0,79,8,SSE,19,1016.3,201905,4078
26,Su,19.8,24.7,0,,,S,30,08:02,22.7,85,7,S,15,1018.8,23.5,78,,ESE,9,1015.4,201905,4078
27,Mo,19.2,25.6,0,,,WSW,19,03:41,22.0,84,8,SW,7,1018.0,23.5,82,8,ENE,7,1015.0,201905,4078
28,Tu,18.9,24.0,0,,,SSE,33,11:46,22.8,70,,SSE,11,1018.4,22.8,56,,SSE,17,1015.6,201905,4078
29,We,16.4,24.1,0,,,WSW,20,00:51,20.9,82,3,SSW,11,1018.6,23.3,72,,ESE,11,1014.6,201905,4078
30,Th,17.5,25.2,0,,,SSE,20,21:18,21.1,88,2,WSW,9,1018.6,24.7,77,8,NE,7,1015.4,201905,4078
31,Fr,17.4,17.9,1.0,,,S,43,09:19,17.5,61,8,S,24,1021.4,16.5,63,8,S,20,1019.6,201905,4078
1,Sa,12.0,19.3,4.8,,,S,37,10:17,15.3,64,8,SSW,20,1022.7,18.3,59,8,S,20,1019.5,201906,4078
2,Su,14.6,22.0,0.2,,,S,30,08:38,18.0,80,8,S,15,1021.1,20.7,75,7,SSE,15,1018.1,201906,4078
3,Mo,16.7,22.6,0,,,SSW,30,09:21,19.5,68,7,SSW,17,1018.7,21.6,73,,SSE,15,1015.6,201906,4078
4,Tu,11.8,19.1,0,,,S,33,12:35,15.5,61,,SSW,15,1020.0,17.5,55,,SE,11,1016.8,201906,4078
5,We,11.2,19.6,0,,,SSW,41,09:34,14.7,57,1,SSW,20,1021.1,18.5,48,,SSE,13,1018.9,201906,4078
6,Th,13.2,20.9,0,,,SSE,52,12:19,16.6,57,6,S,24,1024.3,19.8,61,,S,24,1021.9,201906,4078
7,Fr,15.9,21.4,0.8,,,SSE,48,00:48,17.1,87,7,S,26,1025.5,20.6,81,7,SSE,17,1023.9,201906,4078
8,Sa,17.1,21.5,1.4,,,S,52,08:22,19.4,84,6,S,28,1025.6,20.2,80,7,S,26,1022.9,201906,4078
9,Su,17.7,22.6,0.6,,,S,35,00:04,19.5,89,8,SSE,17,1021.7,21.4,83,8,SSE,17,1018.5,201906,4078
10,Mo,18.1,23.7,0,,,SSE,33,10:33,20.4,88,8,S,17,1021.3,22.2,80,,SE,15,1018.4,201906,4078
11,Tu,17.5,22.4,0.2,,,SSE,33,13:55,20.0,90,6,S,20,1022.2,21.8,79,7,SSE,19,1019.3,201906,4078
12,We,17.8,23.5,0.2,,,S,33,08:31,19.9,86,8,S,19,1021.5,22.7,78,,SSE,17,1018.4,201906,4078
13,Th,17.7,23.4,0.8,,,S,30,12:10,20.2,96,8,S,13,1020.4,22.4,79,8,SSE,13,1016.9,201906,4078
14,Fr,16.7,23.2,1.2,,,SE,24,11:59,19.0,95,7,SW,11,1019.6,21.8,82,,ESE,11,1016.1,201906,4078
15,Sa,15.4,23.3,0.4,,,S,24,09:43,19.4,95,,SSW,11,1019.0,21.9,81,,SE,13,1016.0,201906,4078
16,Su,16.8,24.0,0,,,WSW,19,04:38,22.0,80,6,WSW,9,1018.9,22.3,82,8,SE,9,1016.0,201906,4078
17,Mo,16.7,23.7,0.2,,,SE,20,13:56,19.8,94,,NW,2,1018.2,22.0,81,,ESE,13,1015.0,201906,4078
18,Tu,12.9,21.4,0.2,,,S,33,09:21,17.4,61,,S,15,1019.2,20.3,54,,ESE,11,1015.7,201906,4078
19,We,10.1,21.4,0,,,S,33,11:32,15.8,65,,SW,11,1019.9,20.8,51,,SE,15,1016.8,201906,4078
20,Th,10.1,22.1,0,,,SSW,24,10:32,15.0,62,,SW,11,1020.1,21.2,55,,SE,13,1017.1,201906,4078
21,Fr,11.6,21.5,0,,,S,44,23:51,16.2,67,,SW,13,1019.5,20.9,64,,SSE,15,1016.9,201906,4078
22,Sa,7.9,18.9,0,,,S,44,00:16,12.6,51,,SSW,15,1020.2,18.0,49,,ESE,17,1017.5,201906,4078
23,Su,10.3,22.0,0,,,SSE,39,16:10,16.2,66,,SW,13,1018.5,20.7,69,4,SSE,22,1015.7,201906,4078
24,Mo,14.2,21.5,0,,,SSE,39,11:54,18.9,77,,S,19,1019.9,20.4,73,,SE,22,1018.4,201906,4078
25,Tu,13.1,21.0,0,,,S,46,11:23,17.7,74,,S,22,1022.7,20.0,52,,SSE,19,1020.0,201906,4078
26,We,11.5,21.7,0,,,S,46,23:22,18.0,76,,SSW,13,1022.3,20.7,71,,SSE,19,1019.6,201906,4078
27,Th,17.1,21.8,0,,,SSE,52,21:14,18.5,92,8,S,22,1022.1,19.7,94,8,S,26,1019.5,201906,4078
28,Fr,18.3,22.6,3.6,,,SSE,46,03:32,19.5,86,8,S,24,1023.3,21.5,78,8,SSE,22,1020.8,201906,4078
29,Sa,16.2,22.0,0.2,,,S,35,03:44,18.7,74,,S,20,1023.0,21.3,71,,SSE,15,1019.3,201906,4078
30,Su,13.8,22.9,0,,,SSE,35,12:25,19.2,79,,SSW,17,1020.5,21.8,71,,SE,15,1017.0,201906,4078
1,Mo,16.5,22.3,0,,,SSE,33,13:27,20.0,79,,S,13,1020.0,21.6,68,,SSE,19,1017.1,201907,4078
2,Tu,14.4,22.7,0,,,SSE,30,11:32,19.0,77,,SW,15,1019.0,22.0,68,1,SSE,9,1016.1,201907,4078
3,We,13.8,22.9,0,,,SSE,37,10:50,18.5,85,8,S,15,1019.1,21.2,73,8,SSE,19,1017.3,201907,4078
4,Th,18.4,21.7,0,,,SSE,52,17:25,20.4,78,8,S,26,1020.4,20.0,89,8,SSE,33,1017.7,201907,4078
5,Fr,16.9,18.8,12.6,,,S,57,11:38,17.0,98,7,SSW,22,1019.8,18.0,95,8,SSE,31,1017.0,201907,4078
6,Sa,16.8,21.1,59.4,,,SSE,52,00:14,18.5,99,8,S,20,1019.8,20.4,96,,SSE,17,1019.0,201907,4078
7,Su,18.5,21.0,11.8,,,SE,46,04:01,19.1,95,8,SSE,24,1023.1,20.7,89,8,SSE,24,1020.7,201907,4078
8,Mo,18.4,22.3,3.0,,,S,39,02:29,19.7,89,8,S,19,1022.5,20.7,82,8,SSE,17,1019.9,201907,4078
9,Tu,16.7,22.2,0.2,,,SSE,35,11:15,18.8,91,8,SSW,11,1021.3,21.0,85,8,SSE,13,1017.4,201907,4078
10,We,17.0,23.5,0.2,,,S,22,10:33,19.5,91,8,SSW,9,1020.6,21.8,83,,ESE,11,1017.4,201907,4078
11,Th,17.2,23.5,0,,,E,22,13:53,20.0,93,,S,6,1021.6,21.8,81,4,ENE,13,1018.7,201907,4078
12,Fr,13.6,22.3,0.2,,,WSW,19,07:17,17.8,85,,SW,11,1022.4,21.8,76,,ESE,9,1019.1,201907,4078
13,Sa,11.2,23.2,0,,,WSW,24,05:48,16.1,68,,WSW,11,1020.9,22.2,61,,E,9,1017.5,201907,4078
14,Su,13.0,19.9,0,,,S,54,05:48,17.0,49,,S,31,1021.9,19.3,49,,SSE,20,1018.3,201907,4078
15,Mo,7.6,19.2,0,,,S,43,09:07,14.3,47,,S,26,1022.7,18.5,51,,SE,11,1018.3,201907,4078
16,Tu,10.1,18.7,0,,,S,46,08:25,15.3,54,,S,26,1021.7,17.9,59,,ESE,13,1018.2,201907,4078
17,We,8.5,20.4,0,,,SSE,35,09:45,15.6,60,,SSW,15,1020.2,19.5,60,,SE,13,1017.4,201907,4078
18,Th,9.5,20.1,0,,,S,43,08:52,16.9,51,,S,28,1020.4,19.7,48,,ESE,11,1016.7,201907,4078
19,Fr,8.1,20.5,0,,,SSE,35,10:32,15.1,53,,SSW,13,1020.2,19.8,50,,SSE,19,1018.0,201907,4078
20,Sa,9.6,21.3,0,,,SSE,33,12:08,15.9,69,,SW,13,1021.2,20.8,69,4,SSE,17,1018.5,201907,4078
21,Su,14.7,21.5,0,,,SSE,37,11:34,18.7,79,3,S,19,1019.3,19.9,81,7,SSE,17,1015.8,201907,4078
22,Mo,16.3,22.9,0.8,,,SSE,31,13:30,19.7,84,8,S,13,1018.2,22.1,74,8,SSE,17,1015.5,201907,4078
23,Tu,16.0,22.1,0,,,SSE,26,09:57,18.9,88,8,S,13,1021.3,21.0,81,,ESE,9,1018.9,201907,4078
24,We,12.3,22.2,0.2,,,SSE,22,10:14,17.5,86,2,SW,11,1023.1,21.1,79,,SSE,11,1020.6,201907,4078
25,Th,11.0,22.1,0,,,S,26,09:58,17.8,70,,SSW,11,1022.6,21.2,73,,SE,9,1020.0,201907,4078
26,Fr,11.3,22.1,0.2,,,SSE,26,10:08,17.7,85,,SSW,15,1022.2,21.6,76,,SSE,13,1019.1,201907,4078
27,Sa,12.8,22.4,0,,,SSE,24,10:23,18.6,85,,SSW,11,1022.6,21.1,76,,SE,15,1019.0,201907,4078
28,Su,13.4,22.2,0.2,,,SE,26,12:33,18.3,86,,SW,11,1022.2,20.6,79,,ESE,11,1018.8,201907,4078
29,Mo,12.7,23.0,0.2,,,S,26,10:28,18.6,84,,SSW,13,1021.1,21.2,75,,SE,11,1017.5,201907,4078
30,Tu,12.7,22.1,0,,,SE,24,12:25,17.7,83,,SW,11,1020.8,21.0,80,,E,13,1017.5,201907,4078
31,We,14.0,22.7,0.4,,,S,31,11:27,18.0,96,8,SW,9,1021.9,21.9,69,,SSE,19,1020.0,201907,4078
